id,name,common_name,sex_filter,categories,prevalence,acuteness,severity,triage_level,recommended_channel
c_926,ACE inhibitor-induced cough,ACE inhibitor-induced cough,both,['Cardiology'],very_rare,acute_potentially_chronic,mild,consultation,audio_teleconsultation
c_764,Abdominal aortic aneurysm,Abdominal aortic aneurysm,both,['Surgery'],very_rare,chronic,severe,consultation_24,personal_visit
c_885,Abdominal aortic dissection,Abdominal aortic dissection,both,['Surgery'],very_rare,acute_potentially_chronic,severe,emergency_ambulance,personal_visit
c_969,"Abdominal pain, unspecified",Unspecific abdominal pain,both,['Gastroenterology'],common,acute,mild,self_care,text_teleconsultation
c_547,Abducens nerve palsy,Sixth nerve palsy,both,['Ophthalmology'],very_rare,chronic,mild,consultation,personal_visit
c_306,Acetaminophen poisoning,Paracetamol poisoning,both,['Toxicology'],very_rare,acute,severe,emergency,personal_visit
c_1,Achalasia,Achalasia,both,['Gastroenterology'],very_rare,chronic,moderate,consultation,personal_visit
c_803,Achilles tendinitis,Achilles tendinitis,both,['Orthopedics'],very_rare,acute_potentially_chronic,mild,self_care,personal_visit
c_806,Achilles tendon rupture,Achilles tendon rupture,both,['Traumatology'],very_rare,acute,moderate,consultation_24,personal_visit
c_111,Acne,Acne,both,['Dermatology'],moderate,chronic_with_exacerbations,mild,self_care,video_teleconsultation
c_259,Acquired immunodeficiency syndrome,AIDS,both,['Infectiology'],very_rare,chronic_with_exacerbations,severe,consultation,personal_visit
c_163,Acromegaly,Acromegaly,both,['Endocrinology'],very_rare,chronic,mild,consultation,personal_visit
c_665,Acute HIV infection,Acute HIV infection,both,['Infectiology'],very_rare,acute_potentially_chronic,severe,consultation_24,personal_visit
c_996,Acute angle-closure glaucoma,Acute angle-closure glaucoma,both,['Ophthalmology'],very_rare,acute,severe,emergency,personal_visit
c_296,Acute anticholinergic syndrome,Acute anticholinergic syndrome,both,['Toxicology'],very_rare,acute,severe,emergency_ambulance,personal_visit
c_1172,Acute bacterial rhinosinusitis,Acute bacterial sinusitis,both,['Otorhinolaryngology'],rare,acute,moderate,consultation,audio_teleconsultation
c_72,Acute bronchitis,Acute bronchitis,both,['Pulmonology'],common,acute,mild,consultation,personal_visit
c_187,Acute cholinergic syndrome,Acute cholinergic syndrome,both,['Toxicology'],very_rare,acute,severe,emergency,personal_visit
c_184,Acute cystitis,Bladder infection,both,['Urology'],rare,acute,mild,consultation_24,audio_teleconsultation
c_1005,Acute heart failure,Acute heart failure,both,['Cardiology'],very_rare,acute_potentially_chronic,severe,emergency,personal_visit
c_191,Acute hypnotic toxicity,Acute hypnotic toxicity,both,['Toxicology'],very_rare,acute,severe,emergency_ambulance,personal_visit
c_697,Acute intestinal ischemia,Acute intestinal ischemia,both,['Surgery'],very_rare,acute,severe,emergency,personal_visit
c_662,Acute kidney injury,Acute kidney failure,both,['Nephrology'],very_rare,acute,severe,emergency,personal_visit
c_123,Acute laryngitis,Acute laryngitis,both,['Otorhinolaryngology'],moderate,acute_potentially_chronic,moderate,self_care,audio_teleconsultation
c_507,Acute liver failure,Acute liver failure,both,['Gastroenterology'],very_rare,acute,severe,emergency,personal_visit
c_705,Acute lower gastrointestinal hemorrhage,Acute lower gastrointestinal bleeding,both,['Gastroenterology'],very_rare,acute,severe,emergency,personal_visit
c_1097,Acute lower limb ischemia,Acute lower limb ischemia,both,['Surgery'],very_rare,acute,severe,emergency,personal_visit
c_70,Acute lymphoblastic leukemia,Acute lymphoid leukemia,both,['Hematology'],very_rare,acute_potentially_chronic,severe,consultation_24,personal_visit
c_526,Acute mastoiditis,Acute mastoiditis,both,['Otorhinolaryngology'],very_rare,acute,severe,consultation_24,personal_visit
c_71,Acute myeloid leukemia,Acute myeloid leukemia,both,['Hematology'],very_rare,acute_potentially_chronic,severe,consultation_24,personal_visit
c_193,Acute opioid toxicity,Acute opioid toxicity,both,['Toxicology'],very_rare,acute,severe,emergency_ambulance,personal_visit
c_130,Acute otitis media,Middle ear infection,both,['Otorhinolaryngology'],moderate,acute,moderate,consultation,personal_visit
c_73,Acute pancreatitis,Acute pancreatitis,both,['Gastroenterology'],very_rare,acute,severe,emergency,personal_visit
c_168,Acute porphyria,Acute porphyria,both,['Genetics'],very_rare,chronic_with_exacerbations,severe,consultation_24,personal_visit
c_331,Acute rheumatic fever,Acute rheumatic fever,both,['Cardiology'],very_rare,acute,moderate,consultation_24,personal_visit
c_194,Acute stimulant overdose,Acute stimulant overdose,both,['Toxicology'],very_rare,acute,severe,emergency_ambulance,personal_visit
c_249,Acute streptococcal tonsillopharyngitis,Acute streptococcal tonsillopharyngitis,both,['Otorhinolaryngology'],moderate,acute,moderate,consultation_24,personal_visit
c_1098,Acute stress reaction,Acute reaction to stress,both,['Psychiatry'],rare,acute_potentially_chronic,mild,self_care,video_teleconsultation
c_430,Acute thyroiditis,Acute thyroiditis,both,['Endocrinology'],very_rare,acute,moderate,consultation_24,personal_visit
c_703,Acute upper gastrointestinal bleeding,Acute upper gastrointestinal bleeding,both,['Gastroenterology'],very_rare,acute,severe,emergency,personal_visit
c_1099,Acute upper limb ischemia,Acute upper limb ischemia,both,['Surgery'],very_rare,acute,severe,emergency,personal_visit
c_77,Acute urticaria,Short-term hives,both,['Dermatology'],moderate,acute,mild,self_care,video_teleconsultation
c_1166,Acute viral rhinosinusitis,Acute viral sinusitis,both,['Otorhinolaryngology'],moderate,acute,moderate,self_care,audio_teleconsultation
c_121,Acute viral tonsillopharyngitis,Acute viral tonsillopharyngitis,both,['Otorhinolaryngology'],common,acute,mild,self_care,video_teleconsultation
c_57,Addison's disease,Addison's disease,both,['Endocrinology'],very_rare,chronic_with_exacerbations,moderate,consultation,personal_visit
c_868,Adenomyosis,Adenomyosis,female,['Gynecology'],very_rare,chronic,mild,consultation,personal_visit
c_947,Adhesive capsulitis of shoulder,Frozen shoulder,both,['Orthopedics'],very_rare,chronic,mild,consultation,personal_visit
c_270,Adjustment disorder,Adjustment disorder,both,['Psychiatry'],very_rare,acute_potentially_chronic,mild,self_care,video_teleconsultation
c_784,Adrenal cancer,Adrenal cancer,both,['Oncology'],very_rare,chronic,severe,consultation,personal_visit
c_1217,Adverse event following immunization,Post-immunization reaction,both,['Infectiology'],very_rare,acute_potentially_chronic,mild,self_care,personal_visit
c_535,African trypanosomiasis,Sleeping sickness,both,['Infectiology'],very_rare,acute,severe,consultation_24,personal_visit
c_366,Agoraphobia,Agoraphobia,both,['Psychiatry'],very_rare,chronic,mild,consultation,audio_teleconsultation
c_667,Alcohol poisoning,Alcohol poisoning,both,['Toxicology'],very_rare,acute,severe,emergency,personal_visit
c_227,Alcohol withdrawal syndrome,Alcohol withdrawal syndrome,both,['Psychiatry'],very_rare,acute,moderate,consultation_24,personal_visit
c_622,Alcoholic cerebellar degeneration,Alcoholic cerebellar degeneration,both,['Toxicology'],very_rare,chronic,mild,consultation,personal_visit
c_6,Alcoholic liver disease,Alcoholic liver disease,both,['Gastroenterology'],very_rare,chronic,moderate,consultation,personal_visit
c_5,Alcoholism,Alcoholism,both,['Psychiatry'],very_rare,chronic,moderate,consultation,video_teleconsultation
c_578,Allergic bronchopulmonary aspergillosis,Allergic bronchopulmonary aspergillosis,both,['Pulmonology'],very_rare,acute_potentially_chronic,severe,consultation,personal_visit
c_3,Allergic conjunctivitis,Allergic conjunctivitis,both,['Allergology'],moderate,chronic_with_exacerbations,mild,self_care,video_teleconsultation
c_4,Allergic rhinitis,Hay fever,both,['Allergology'],moderate,chronic_with_exacerbations,mild,self_care,text_teleconsultation
c_802,Alopecia,Baldness,both,['Dermatology'],rare,chronic,mild,consultation,personal_visit
c_522,Amebiasis,Amebiasis,both,['Infectiology'],very_rare,acute,moderate,consultation_24,personal_visit
c_243,American trypanosomiasis,Chagas disease,both,['Infectiology'],very_rare,acute_potentially_chronic,severe,consultation_24,personal_visit
c_874,Ampullary cancer,Ampullary cancer,both,['Oncology'],very_rare,chronic,severe,consultation,personal_visit
c_291,Amyloidosis,Amyloidosis,both,['Rheumatology'],very_rare,chronic,moderate,consultation,personal_visit
c_396,Amyotrophic lateral sclerosis,Amyotrophic lateral sclerosis,both,['Neurology'],very_rare,chronic,severe,consultation,personal_visit
c_276,Anal cancer,Anal cancer,both,['Oncology'],very_rare,chronic,severe,consultation,personal_visit
c_275,Anal fissure,Anal fissure,both,['Surgery'],rare,chronic_with_exacerbations,moderate,consultation,personal_visit
c_866,Anal fistula,Anal fistula,both,['Surgery'],rare,chronic,severe,consultation_24,personal_visit
c_700,Anaphylaxis,Severe allergic reaction,both,['Allergology'],very_rare,acute,severe,emergency_ambulance,personal_visit
c_372,Anemia of chronic disease,Anemia of chronic disease,both,['Hematology'],very_rare,chronic,moderate,consultation,audio_teleconsultation
c_715,Angioedema,Angioedema,both,['Allergology'],rare,acute,severe,emergency,personal_visit
c_1049,Ankle contusion,Ankle contusion,both,['Traumatology'],very_rare,acute,mild,self_care,video_teleconsultation
c_1026,Ankle joint dislocation,Dislocated ankle,both,['Traumatology'],very_rare,acute,moderate,consultation,personal_visit
c_222,Ankle osteoarthritis,Ankle osteoarthritis,both,['Orthopedics'],very_rare,chronic,mild,consultation,personal_visit
c_149,Ankylosing spondylitis,Ankylosing spondylitis,both,['Rheumatology'],very_rare,chronic,moderate,consultation,personal_visit
c_12,Anogenital warts,Genital warts,both,['Venereology'],rare,chronic,mild,consultation,personal_visit
c_7,Anorexia nervosa,Anorexia nervosa,both,['Psychiatry'],very_rare,chronic,moderate,consultation,video_teleconsultation
c_708,Antibiotic associated diarrhea,Antibiotic associated diarrhea,both,['Gastroenterology'],very_rare,acute,mild,consultation,audio_teleconsultation
c_198,Antiphospholipid syndrome,Antiphospholipid syndrome,both,['Rheumatology'],very_rare,chronic_with_exacerbations,severe,consultation_24,personal_visit
c_117,Anxiety disorder,Anxiety disorder,both,['Psychiatry'],moderate,chronic_with_exacerbations,moderate,consultation,video_teleconsultation
c_183,Anxiety disorder with panic attacks,Anxiety disorder with panic attacks,both,['Psychiatry'],rare,chronic_with_exacerbations,severe,consultation_24,video_teleconsultation
c_1248,Aphthous stomatitis,Canker sores,both,['Dentistry'],rare,chronic_with_exacerbations,mild,consultation,personal_visit
c_382,Aplastic anemia,Aplastic anemia,both,['Hematology'],very_rare,acute_potentially_chronic,severe,consultation,personal_visit
c_132,Appendicitis,Appendicitis,both,['Surgery'],rare,acute,severe,emergency,personal_visit
c_1039,Arm contusion,Arm contusion,both,['Traumatology'],very_rare,acute,mild,self_care,video_teleconsultation
c_289,Ascariasis,Ascariasis,both,['Infectiology'],very_rare,acute_potentially_chronic,mild,consultation_24,personal_visit
c_8,Asthma,Asthma,both,['Pulmonology'],rare,chronic_with_exacerbations,moderate,consultation,personal_visit
c_972,Asthma exacerbation,Asthma exacerbation,both,['Pulmonology'],very_rare,acute_potentially_chronic,moderate,consultation_24,personal_visit
c_2,Atopic dermatitis,Eczema,both,['Allergology'],rare,chronic_with_exacerbations,mild,consultation,video_teleconsultation
c_48,Atrial fibrillation,Atrial fibrillation,both,['Cardiology'],very_rare,chronic_with_exacerbations,severe,emergency,personal_visit
c_581,Attention deficit hyperactivity disorder,Attention deficit hyperactivity disorder,both,['Psychiatry'],very_rare,chronic,moderate,consultation,video_teleconsultation
c_1118,Atypical pneumonia,Atypical pneumonia,both,['Pulmonology'],moderate,acute,moderate,consultation_24,personal_visit
c_485,Autoimmune hepatitis,Autoimmune hepatitis,both,['Gastroenterology'],very_rare,chronic_with_exacerbations,severe,consultation_24,personal_visit
c_1050,Back and pelvis contusion,Back and pelvis contusion,both,['Traumatology'],very_rare,acute,mild,self_care,video_teleconsultation
c_1077,Bacterial gastroenteritis,Bacterial gastroenteritis,both,['Gastroenterology'],moderate,acute,moderate,consultation,audio_teleconsultation
c_563,Bacterial meningitis,Bacterial meningitis,both,['Infectiology'],very_rare,acute,severe,emergency_ambulance,personal_visit
c_128,Bacterial vaginitis,Bacterial vaginitis,female,['Gynecology'],rare,acute_potentially_chronic,mild,consultation,personal_visit
c_910,Baker's cyst,Baker's cyst of knee,both,['Orthopedics'],rare,chronic,mild,consultation,personal_visit
c_134,Balanoposthitis,Balanoposthitis,male,['Urology'],rare,acute,moderate,consultation,personal_visit
c_751,Bartholin's abscess,Bartholin's abscess,female,['Gynecology'],rare,acute,moderate,consultation_24,personal_visit
c_110,Bartholin's cyst,Vulvar cyst,female,['Gynecology'],moderate,acute_potentially_chronic,mild,consultation,personal_visit
c_1205,Beeturia,Red urine after eating beets,both,['Other'],very_rare,acute,mild,self_care,personal_visit
c_531,Behçet's disease,Behçet's disease,both,['Rheumatology'],very_rare,chronic_with_exacerbations,mild,consultation,personal_visit
c_871,Benign paroxysmal positional vertigo,Benign paroxysmal positional vertigo,both,['Otorhinolaryngology'],very_rare,chronic,mild,consultation,video_teleconsultation
c_81,Benign prostatic hyperplasia,Benign prostatic hyperplasia,male,['Urology'],very_rare,chronic,mild,consultation,personal_visit
c_273,Bipolar disorder,Bipolar disorder,both,['Psychiatry'],rare,chronic_with_exacerbations,severe,consultation_24,video_teleconsultation
c_612,Biventricular heart failure,Biventricular heart failure,both,['Cardiology'],very_rare,chronic,severe,consultation_24,personal_visit
c_185,Bladder cancer,Bladder cancer,both,['Urology'],very_rare,chronic,severe,consultation,personal_visit
c_769,Blepharitis,Eyelid inflammation,both,['Ophthalmology'],moderate,chronic_with_exacerbations,mild,self_care,video_teleconsultation
c_1095,Blunt abdominal trauma,Blunt stomach trauma,both,['Traumatology'],very_rare,acute,moderate,consultation,personal_visit
c_432,Botulism,Botulism,both,['Infectiology'],very_rare,acute,severe,emergency_ambulance,personal_visit
c_680,Brain abscess,Brain abscess,both,['Infectiology'],very_rare,acute_potentially_chronic,severe,emergency_ambulance,personal_visit
c_333,Brain tumour,Brain tumour,both,['Neurology'],very_rare,chronic,severe,consultation_24,personal_visit
c_1018,Braincase fracture,Broken skull,both,['Traumatology'],very_rare,acute,severe,emergency,personal_visit
c_93,Breast cancer,Breast cancer,female,['Oncology'],rare,chronic,severe,consultation,personal_visit
c_235,Brucellosis,Brucellosis,both,['Infectiology'],very_rare,acute_potentially_chronic,moderate,consultation_24,personal_visit
c_524,Budd-Chiari syndrome,Budd-Chiari syndrome,both,['Gastroenterology'],very_rare,chronic,severe,consultation_24,personal_visit
c_14,Bulimia nervosa,Bulimia,both,['Psychiatry'],very_rare,chronic,moderate,consultation,video_teleconsultation
c_845,Burn,Burn,both,['Traumatology'],very_rare,acute,moderate,self_care,video_teleconsultation
c_712,Bursitis,Bursitis,both,['Orthopedics'],rare,chronic,mild,self_care,personal_visit
c_1105,COVID-19,COVID-19,both,['Infectiology'],very_rare,acute,moderate,self_care,video_teleconsultation
c_161,Carbon monoxide poisoning,Carbon monoxide poisoning,both,['Toxicology'],very_rare,acute,severe,emergency_ambulance,personal_visit
c_415,Carcinoid syndrome,Carcinoid syndrome,both,['Oncology'],very_rare,chronic_with_exacerbations,severe,consultation_24,personal_visit
c_1219,Cardiac syncope,Cardiac fainting,both,['Cardiology'],rare,chronic,moderate,consultation_24,personal_visit
c_649,Cardiac tamponade,Cardiac tamponade,both,['Cardiology'],very_rare,acute,severe,emergency_ambulance,personal_visit
c_677,Cardiogenic shock,Cardiogenic shock,both,['Cardiology'],very_rare,acute,severe,emergency_ambulance,personal_visit
c_381,Carotid artery dissection,Carotid artery dissection,both,['Neurology'],very_rare,acute,severe,emergency_ambulance,personal_visit
c_212,Carpal tunnel syndrome,Carpal tunnel syndrome,both,['Orthopedics'],rare,chronic_with_exacerbations,moderate,consultation,personal_visit
c_242,Cat-scratch disease,Cat-scratch disease,both,['Infectiology'],very_rare,acute,mild,consultation,personal_visit
c_176,Cataract,Cataract,both,['Ophthalmology'],rare,chronic,mild,consultation,personal_visit
c_1126,Cauda equina syndrome,Cauda equina syndrome,both,['Neurology'],very_rare,acute,severe,emergency,personal_visit
c_614,Cavernous sinus thrombosis,Cavernous sinus thrombosis,both,['Neurology'],very_rare,acute_potentially_chronic,severe,emergency,personal_visit
c_15,Celiac disease,Celiac disease,both,['Gastroenterology'],very_rare,chronic_with_exacerbations,moderate,consultation,personal_visit
c_379,Cerebellar stroke,Cerebellar stroke,both,['Neurology'],very_rare,acute_potentially_chronic,severe,emergency_ambulance,personal_visit
c_471,Cerebellopontine angle syndrome,Acoustic neuroma,both,['Neurology'],very_rare,chronic,severe,consultation_24,personal_visit
c_899,Cervical acceleration-deceleration syndrome,Whiplash injury,both,['Traumatology'],very_rare,acute,moderate,consultation_24,personal_visit
c_96,Cervical cancer,Cervical cancer,female,['Gynecology'],very_rare,chronic,severe,consultation,personal_visit
c_1108,Cervical radiculopathy,Cervical neuropathy,both,['Orthopedics'],very_rare,chronic_with_exacerbations,moderate,consultation,personal_visit
c_975,Cervical strain,Neck strain,both,['Orthopedics'],common,acute,moderate,self_care,video_teleconsultation
c_1024,Cervical vertebra fracture,Neck fracture,both,['Traumatology'],very_rare,acute,severe,emergency,personal_visit
c_129,Cervicitis,Acute inflammation of the uterine cervix,female,['Gynecology'],rare,acute_potentially_chronic,mild,consultation,personal_visit
c_171,Chalazion,Chalazion,both,['Ophthalmology'],moderate,chronic,mild,consultation,video_teleconsultation
c_976,"Chest pain, unspecified",Unspecific chest pain,both,['Internal Medicine'],common,acute_potentially_chronic,mild,self_care,personal_visit
c_68,Chickenpox,Chickenpox,both,['Infectiology'],very_rare,acute,mild,consultation_24,personal_visit
c_902,Chikungunya virus infection,Chikungunya virus infection,both,['Infectiology'],very_rare,acute,mild,consultation_24,audio_teleconsultation
c_1101,Chlamydial genitourinary infection,Genital Chlamydia,both,['Venereology'],rare,acute_potentially_chronic,mild,consultation_24,personal_visit
c_215,Cholecystitis,Inflammation of the gallbladder,both,['Surgery'],very_rare,acute,severe,emergency,personal_visit
c_38,Cholecystolithiasis,Gallstones within the gallbladder,both,['Gastroenterology'],very_rare,chronic_with_exacerbations,severe,consultation,personal_visit
c_254,Cholera,Cholera,both,['Infectiology'],very_rare,acute,severe,emergency,personal_visit
c_707,Cholestasis,Cholestasis,both,['Gastroenterology'],rare,chronic,mild,consultation_24,personal_visit
c_1071,Cholestasis of pregnancy,Cholestasis of pregnancy,female,['Gynecology'],very_rare,acute,severe,consultation_24,personal_visit
c_282,Chronic cannabinoid use,Chronic cannabinoid use,both,['Toxicology'],very_rare,chronic,mild,self_care,video_teleconsultation
c_674,Chronic constipation,Chronic constipation,both,['Gastroenterology'],rare,chronic,mild,consultation,audio_teleconsultation
c_668,Chronic fatigue syndrome,Chronic fatigue syndrome,both,['Internal Medicine'],rare,chronic,mild,self_care,audio_teleconsultation
c_1003,Chronic heart failure,Chronic heart failure,both,['Cardiology'],very_rare,chronic,severe,consultation,personal_visit
c_494,Chronic intestinal ischemia,Chronic intestinal ischemia,both,['Gastroenterology'],very_rare,chronic_with_exacerbations,moderate,consultation,personal_visit
c_180,Chronic kidney disease,Chronic kidney disease,both,['Nephrology'],very_rare,chronic,moderate,consultation,personal_visit
c_82,Chronic lymphocytic leukemia,Chronic lymphocytic leukemia,both,['Hematology'],very_rare,chronic,severe,consultation,audio_teleconsultation
c_83,Chronic myelogenous leukemia,Chronic myelogenous leukemia,both,['Hematology'],very_rare,chronic,severe,consultation,audio_teleconsultation
c_76,Chronic obstructive pulmonary disease,Chronic obstructive pulmonary disease,both,['Pulmonology'],very_rare,chronic_with_exacerbations,moderate,consultation,personal_visit
c_973,Chronic obstructive pulmonary disease exacerbation,Chronic obstructive pulmonary disease exacerbation,both,['Pulmonology'],very_rare,acute_potentially_chronic,moderate,consultation_24,personal_visit
c_86,Chronic pancreatitis,Chronic pancreatitis,both,['Gastroenterology'],very_rare,chronic_with_exacerbations,moderate,consultation,personal_visit
c_269,Chronic sinusitis,Chronic sinusitis,both,['Otorhinolaryngology'],moderate,chronic,mild,consultation,personal_visit
c_669,Chronic tonsillitis,Chronic tonsillitis,both,['Otorhinolaryngology'],rare,chronic,moderate,consultation,personal_visit
c_1112,Chronic urticaria,Chronic hives,both,['Dermatology'],rare,chronic,moderate,consultation,personal_visit
c_84,Chronic venous insufficiency,Chronic venous insufficiency,both,['Angiology'],rare,chronic,mild,self_care,personal_visit
c_267,Churg-Strauss syndrome,Churg-Strauss syndrome,both,['Angiology'],very_rare,chronic_with_exacerbations,moderate,consultation,personal_visit
c_503,Cirrhosis of the liver,Cirrhosis of the liver,both,['Gastroenterology'],very_rare,chronic,severe,consultation,personal_visit
c_1051,Clavicle fracture,Broken collarbone,both,['Traumatology'],very_rare,acute,moderate,consultation,personal_visit
c_704,Clostridium difficile-associated disease,Clostridium difficile-associated disease,both,['Gastroenterology'],very_rare,acute_potentially_chronic,mild,consultation_24,personal_visit
c_39,Cluster headaches,Cluster headaches,both,['Neurology'],rare,chronic_with_exacerbations,mild,consultation,audio_teleconsultation
c_837,Cold urticaria,Cold urticaria,both,['Dermatology'],rare,chronic_with_exacerbations,moderate,self_care,video_teleconsultation
c_90,Colon cancer,Colon cancer,both,['Gastroenterology'],very_rare,chronic,severe,consultation,audio_teleconsultation
c_87,Common cold,Common cold,both,['Infectiology'],common,acute,mild,self_care,text_teleconsultation
c_672,Concussion,Concussion,both,['Neurology'],very_rare,acute,moderate,emergency,personal_visit
c_172,Conjunctivitis,Pink eye,both,['Ophthalmology'],common,acute_potentially_chronic,mild,consultation,video_teleconsultation
c_449,Conn's syndrome,Conn's syndrome,both,['Endocrinology'],very_rare,chronic,severe,consultation,personal_visit
c_1246,"Constipation, unspecified",Unspecific constipation,both,['Internal Medicine'],common,acute_potentially_chronic,mild,self_care,text_teleconsultation
c_670,Contact dermatitis,Contact dermatitis,both,['Dermatology'],moderate,chronic_with_exacerbations,mild,consultation,video_teleconsultation
c_174,Corneal abrasion,Corneal abrasion,both,['Ophthalmology'],rare,acute,severe,consultation_24,personal_visit
c_175,Corneal ulceration,Corneal ulceration,both,['Ophthalmology'],rare,acute,severe,consultation_24,personal_visit
c_847,Corns and callosities,Corns and callosities,both,['Dermatology'],common,chronic,mild,self_care,video_teleconsultation
c_545,Corticotropin releasing pituitary adenoma,Corticotropin releasing pituitary adenoma,both,['Endocrinology'],very_rare,chronic,severe,consultation,personal_visit
c_746,Costochondritis,Costochondritis,both,['Orthopedics'],moderate,acute_potentially_chronic,mild,self_care,audio_teleconsultation
c_971,"Cough, unspecified",Unspecific cough,both,['Internal Medicine'],common,acute,mild,self_care,text_teleconsultation
c_17,Crohn's disease,Crohn's disease,both,['Gastroenterology'],very_rare,chronic_with_exacerbations,severe,consultation,personal_visit
c_1208,Crohn's disease exacerbation,Crohn's disease flare-up,both,['Gastroenterology'],very_rare,acute_potentially_chronic,severe,consultation_24,personal_visit
c_811,Cruciate ligament injury,Cruciate ligament injury,both,['Traumatology'],very_rare,acute_potentially_chronic,moderate,consultation_24,personal_visit
c_141,Cushing's syndrome,Cushing's syndrome,both,['Endocrinology'],very_rare,chronic,severe,consultation,personal_visit
c_188,Cystic fibrosis,Cystic fibrosis,both,['Pulmonology'],very_rare,chronic_with_exacerbations,severe,consultation,personal_visit
c_434,Cysticercosis,Cysticercosis,both,['Infectiology'],very_rare,chronic_with_exacerbations,severe,consultation,personal_visit
c_927,De Quervain syndrome,De Quervain syndrome,both,['Orthopedics'],very_rare,chronic,mild,self_care,personal_visit
c_431,De Quervain's thyroiditis,De Quervain's thyroiditis,both,['Endocrinology'],very_rare,acute,moderate,consultation_24,personal_visit
c_303,Death cap poisoning,Mushroom poisoning,both,['Toxicology'],very_rare,acute,severe,emergency,personal_visit
c_891,Decompression sickness,Decompression sickness,both,['Other'],very_rare,acute,severe,emergency_ambulance,personal_visit
c_148,Deep vein thrombosis,Deep vein thrombosis,both,['Angiology'],very_rare,chronic_with_exacerbations,severe,emergency,personal_visit
c_576,Degenerative disc disease of the cervical spine,Degenerative disc disease of the cervical spine,both,['Neurology'],rare,chronic,mild,consultation,personal_visit
c_30,Degenerative disc disease of the lumbar and sacral spine,Degenerative disc disease of the lumbar and sacral spine,both,['Orthopedics'],rare,chronic_with_exacerbations,mild,consultation,personal_visit
c_577,Degenerative disc disease of the thoracic spine,Degenerative disc disease of the thoracic spine,both,['Orthopedics'],very_rare,chronic,mild,consultation,personal_visit
c_298,Dehydration,Dehydration,both,['Internal Medicine'],rare,acute_potentially_chronic,moderate,self_care,audio_teleconsultation
c_1204,Delayed onset muscle soreness,Muscle fever,both,['Other'],moderate,acute,mild,self_care,personal_visit
c_245,Dengue fever,Dengue fever,both,['Infectiology'],very_rare,acute,severe,emergency,personal_visit
c_79,Dental caries,Dental cavities,both,['Dentistry'],common,chronic,mild,consultation,personal_visit
c_146,Dental pulp gangrene,Dental pulp gangrene,both,['Dentistry'],rare,acute,severe,consultation_24,personal_visit
c_963,Dental trauma,Tooth injury,both,['Dentistry'],very_rare,acute,moderate,consultation,personal_visit
c_1213,Dentin hypersensitivity,Tooth sensitivity,both,['Dentistry'],common,chronic,mild,consultation,personal_visit
c_754,Depersonalization-derealization disorder,Depersonalization-derealization disorder,both,['Psychiatry'],very_rare,chronic,severe,consultation,video_teleconsultation
c_315,Dermatomyositis,Dermatomyositis,both,['Dermatology'],very_rare,chronic_with_exacerbations,moderate,consultation,personal_visit
c_407,Diabetes insipidus,Diabetes insipidus,both,['Endocrinology'],very_rare,chronic,moderate,consultation_24,personal_visit
c_404,Diabetes mellitus type 1,Diabetes mellitus type 1,both,['Diabetology'],very_rare,chronic_with_exacerbations,severe,consultation,personal_visit
c_405,Diabetes mellitus type 2,Diabetes mellitus type 2,both,['Diabetology'],rare,chronic_with_exacerbations,severe,consultation,personal_visit
c_1191,Diabetic foot infection,Diabetic foot infection,both,['Angiology'],very_rare,chronic_with_exacerbations,moderate,consultation_24,personal_visit
c_634,Diabetic ketoacidosis,Diabetic ketoacidosis,both,['Diabetology'],very_rare,acute,severe,emergency_ambulance,personal_visit
c_753,Diabetic nephropathy,Diabetic kidney disease,both,['Nephrology'],very_rare,chronic,moderate,consultation,audio_teleconsultation
c_439,Diabetic neuropathy,Diabetic neuropathy,both,['Neurology'],very_rare,chronic,moderate,consultation,personal_visit
c_771,Diabetic retinopathy,Diabetic retinopathy,both,['Ophthalmology'],very_rare,chronic,moderate,consultation,personal_visit
c_965,"Diarrhea, unspecified",Unspecific diarrhea,both,['Gastroenterology'],common,acute,mild,self_care,text_teleconsultation
c_759,Dilated cardiomyopathy,Dilated cardiomyopathy,both,['Cardiology'],very_rare,chronic,severe,consultation_24,personal_visit
c_967,"Disorder of the skin and subcutaneous tissue, unspecified",Unspecific skin disorder,both,['Dermatology'],common,acute_potentially_chronic,mild,self_care,video_teleconsultation
c_190,Disulfiram-like reaction,Disulfiram-like reaction,both,['Toxicology'],very_rare,acute,moderate,emergency,personal_visit
c_186,Diverticulitis,Diverticulitis,both,['Gastroenterology'],very_rare,chronic_with_exacerbations,mild,consultation_24,personal_visit
c_113,Diverticulosis,Diverticulosis,both,['Gastroenterology'],very_rare,chronic,mild,self_care,video_teleconsultation
c_998,Dry eye disease,Dry eye syndrome,both,['Ophthalmology'],moderate,chronic,mild,self_care,audio_teleconsultation
c_688,Ear barotrauma,Ear barotrauma,both,['Otorhinolaryngology'],very_rare,acute,moderate,consultation,personal_visit
c_808,Earwax blockage,Earwax blockage,both,['Otorhinolaryngology'],moderate,acute_potentially_chronic,mild,self_care,personal_visit
c_435,Echinococcosis,Echinococcosis,both,['Infectiology'],very_rare,chronic_with_exacerbations,severe,consultation,personal_visit
c_985,Eclampsia,Eclampsia,female,['Gynecology'],very_rare,acute,severe,emergency_ambulance,personal_visit
c_627,Ectopic pregnancy,Ectopic pregnancy,female,['Gynecology'],very_rare,acute,severe,emergency,personal_visit
c_991,Edema in pregnancy,Edema in pregnancy,female,['Gynecology'],very_rare,acute,mild,self_care,personal_visit
c_1041,Elbow contusion,Elbow contusion,both,['Traumatology'],very_rare,acute,mild,self_care,video_teleconsultation
c_1025,Elbow dislocation,Dislocated elbow,both,['Traumatology'],very_rare,acute,moderate,consultation_24,personal_visit
c_1109,Electrical injury,Electrical injury,both,['Traumatology'],very_rare,acute,moderate,emergency,personal_visit
c_671,Encephalitis,Encephalitis,both,['Infectiology'],very_rare,acute_potentially_chronic,severe,emergency,personal_visit
c_88,Endometrial cancer,Endometrial cancer,female,['Gynecology'],very_rare,chronic,severe,consultation,personal_visit
c_940,Endometrial polyp,Endometrial polyp,female,['Gynecology'],moderate,chronic,severe,consultation,personal_visit
c_31,Endometriosis,Endometriosis,female,['Gynecology'],very_rare,chronic_with_exacerbations,mild,consultation,personal_visit
c_166,Enterobiasis,Pinworm infection,both,['Infectiology'],very_rare,acute_potentially_chronic,mild,consultation,audio_teleconsultation
c_894,Epicondylitis,Epicondylitis,both,['Orthopedics'],rare,acute_potentially_chronic,mild,consultation,personal_visit
c_1078,Epiglottitis,Inflammation of the epiglottis,both,['Otorhinolaryngology'],very_rare,acute,severe,consultation_24,personal_visit
c_1075,Epilepsy with loss of consciousness,Epilepsy with loss of consciousness,both,['Neurology'],very_rare,chronic_with_exacerbations,severe,consultation,personal_visit
c_1074,Epilepsy without loss of consciousness,Epilepsy without loss of consciousness,both,['Neurology'],very_rare,chronic_with_exacerbations,severe,consultation,personal_visit
c_983,Epistaxis,Nosebleed,both,['Otorhinolaryngology'],moderate,acute,mild,self_care,video_teleconsultation
c_169,Erysipelas,Erysipelas,both,['Infectiology'],rare,acute,moderate,consultation_24,personal_visit
c_1224,Erythema nodosum,Erythema nodosum,both,['Dermatology'],rare,acute_potentially_chronic,moderate,consultation,personal_visit
c_1216,Erythroderma,Erythroderma,both,['Dermatology'],very_rare,acute_potentially_chronic,severe,consultation_24,personal_visit
c_496,Esophageal diverticula,Esophageal diverticula,both,['Gastroenterology'],rare,chronic,mild,consultation,personal_visit
c_421,Essential thrombocytosis,Essential thrombocythemia,both,['Hematology'],very_rare,chronic,moderate,consultation,audio_teleconsultation
c_29,Essential tremor,Essential tremor,both,['Neurology'],very_rare,chronic,mild,consultation,personal_visit
c_1054,External ear injury,Injured ear,both,['Traumatology'],very_rare,acute,moderate,consultation,video_teleconsultation
c_959,Eye injury,Eye injury,both,['Ophthalmology'],very_rare,acute,moderate,emergency,personal_visit
c_1253,"Eyelid twitch, unspecified",Eyelid twitch,both,['Ophthalmology'],moderate,chronic,mild,self_care,personal_visit
c_1015,Facial bones fracture,Broken facial bones,both,['Traumatology'],very_rare,acute,severe,emergency,personal_visit
c_1046,Facial contusion,Facial bruise,both,['Traumatology'],very_rare,acute,moderate,self_care,video_teleconsultation
c_467,Facial nerve palsy,Facial nerve palsy,both,['Neurology'],very_rare,acute_potentially_chronic,mild,consultation_24,personal_visit
c_426,Fasciolosis,Fascioliasis,both,['Infectiology'],very_rare,chronic,mild,consultation,personal_visit
c_80,Fatigue,Fatigue,both,['Internal Medicine'],moderate,acute_potentially_chronic,mild,self_care,text_teleconsultation
c_1055,Femur fracture,Broken thigh bone,both,['Traumatology'],very_rare,acute,moderate,emergency_ambulance,personal_visit
c_778,Fibroadenoma of breast,Fibroadenoma of breast,female,['Gynecology'],rare,chronic,mild,consultation,personal_visit
c_739,Fibrocystic breasts,Fibrocystic breasts,female,['Gynecology'],rare,chronic_with_exacerbations,mild,consultation,personal_visit
c_598,Fibromyalgia,Fibromyalgia,both,['Rheumatology'],very_rare,chronic,mild,consultation,personal_visit
c_1044,Finger contusion,Finger contusion,both,['Traumatology'],very_rare,acute,mild,self_care,video_teleconsultation
c_1029,Finger dislocation,Dislocated finger,both,['Traumatology'],very_rare,acute,moderate,consultation,personal_visit
c_1012,Finger fracture,Broken finger,both,['Traumatology'],very_rare,acute,moderate,consultation,personal_visit
c_814,Flatfoot,Flat feet,both,['Orthopedics'],rare,chronic,mild,consultation,personal_visit
c_592,Folate-deficiency anemia,Folate-deficiency anemia,both,['Hematology'],very_rare,chronic,mild,consultation,audio_teleconsultation
c_832,Food allergy,Food allergy,both,['Allergology'],rare,chronic_with_exacerbations,moderate,self_care,audio_teleconsultation
c_138,Food poisoning,Food poisoning,both,['Gastroenterology'],common,acute,mild,self_care,audio_teleconsultation
c_1019,Foot bones fracture,Broken foot,both,['Traumatology'],very_rare,acute,moderate,consultation_24,personal_visit
c_1056,Foot contusion,Foot contusion,both,['Traumatology'],very_rare,acute,mild,self_care,video_teleconsultation
c_223,Foot osteoarthritis,Foot osteoarthritis,both,['Orthopedics'],very_rare,chronic,mild,consultation,personal_visit
c_1057,Forearm bones fracture,Broken forearm,both,['Traumatology'],very_rare,acute,moderate,emergency,personal_visit
c_1035,Forearm contusion,Forearm contusion,both,['Traumatology'],very_rare,acute,mild,self_care,video_teleconsultation
c_887,Foreign body aspiration,Foreign body aspiration,both,['Otorhinolaryngology'],very_rare,acute,severe,emergency,personal_visit
c_815,Functional dyspepsia,Indigestion,both,['Gastroenterology'],common,chronic_with_exacerbations,mild,self_care,audio_teleconsultation
c_915,Functional ovarian cyst,Cyst of an ovary,female,['Gynecology'],moderate,chronic,mild,consultation,personal_visit
c_723,"Furuncles, carbuncles and cutaneous abscesses",Skin abscess,both,['Dermatology'],rare,acute_potentially_chronic,moderate,consultation,video_teleconsultation
c_992,Gambling addiction,Pathological gambling,both,['Psychiatry'],moderate,chronic,severe,consultation,video_teleconsultation
c_66,Gastric cancer,Gastric cancer,both,['Gastroenterology'],very_rare,chronic,severe,consultation,personal_visit
c_515,Gastritis,Gastritis,both,['Gastroenterology'],moderate,chronic_with_exacerbations,mild,consultation,audio_teleconsultation
c_101,Gastroesophageal reflux disease,Gastroesophageal reflux disease,both,['Gastroenterology'],moderate,chronic_with_exacerbations,mild,consultation,audio_teleconsultation
c_225,General anxiety disorder,General anxiety disorder,both,['Psychiatry'],moderate,chronic_with_exacerbations,moderate,consultation,video_teleconsultation
c_534,Genital herpes,Genital herpes,both,['Venereology'],rare,chronic_with_exacerbations,mild,consultation,personal_visit
c_960,Genital injury,Crotch injury,both,['Urology'],very_rare,acute,moderate,consultation_24,personal_visit
c_1210,Geographic tongue,Geographic tongue,both,['Dentistry'],common,chronic_with_exacerbations,mild,self_care,personal_visit
c_532,Gestational diabetes,Diabetes in pregnancy,female,['Gynecology'],very_rare,acute_potentially_chronic,moderate,consultation,video_teleconsultation
c_165,Giardiasis,Giardiasis,both,['Infectiology'],very_rare,acute_potentially_chronic,mild,consultation_24,personal_visit
c_34,Gilbert's syndrome,Familial nonhemolytic jaundice,both,['Gastroenterology'],rare,chronic,mild,consultation,text_teleconsultation
c_120,Gingivitis,Inflammation of the gums,both,['Dentistry'],moderate,acute_potentially_chronic,mild,self_care,personal_visit
c_447,Gitelman syndrome,Gitelman syndrome,both,['Nephrology'],very_rare,chronic,moderate,consultation,personal_visit
c_374,Glomerulonephritis,Glomerulonephritis,both,['Nephrology'],very_rare,acute_potentially_chronic,moderate,consultation_24,personal_visit
c_247,Glossitis,Tongue inflammation,both,['Internal Medicine'],very_rare,acute_potentially_chronic,mild,self_care,video_teleconsultation
c_734,Goiter,Goiter,both,['Endocrinology'],very_rare,chronic,moderate,consultation,personal_visit
c_159,Gonorrhea,Gonorrhea,both,['Venereology'],rare,acute,mild,consultation,personal_visit
c_464,Goodpasture's syndrome,Goodpasture's syndrome,both,['Rheumatology'],very_rare,chronic_with_exacerbations,severe,consultation_24,personal_visit
c_27,Gout,Gout,both,['Rheumatology'],very_rare,chronic_with_exacerbations,mild,consultation,personal_visit
c_824,Granuloma annulare,Granuloma annulare,both,['Dermatology'],very_rare,chronic,mild,consultation,personal_visit
c_264,Granulomatosis with polyangiitis,Granulomatosis with polyangiitis,both,['Rheumatology'],very_rare,chronic_with_exacerbations,moderate,consultation,video_teleconsultation
c_427,Graves' disease,Graves' disease,both,['Endocrinology'],very_rare,chronic_with_exacerbations,moderate,consultation,personal_visit
c_938,Greater trochanteric pain syndrome,Hip bursitis,both,['Orthopedics'],very_rare,chronic,mild,consultation,video_teleconsultation
c_314,Guillain-Barré syndrome,Guillain-Barré syndrome,both,['Neurology'],very_rare,chronic,severe,emergency,personal_visit
c_1181,"Gynecomastia, unspecified",Enlargement of male breast,male,['Endocrinology'],very_rare,acute_potentially_chronic,mild,self_care,personal_visit
c_986,HELLP syndrome,HELLP syndrome,female,['Gynecology'],very_rare,acute,severe,emergency,personal_visit
c_1016,Hand bones fracture,Broken hand bones,both,['Traumatology'],very_rare,acute,moderate,consultation_24,personal_visit
c_219,Hand osteoarthritis,Hand osteoarthritis,both,['Orthopedics'],very_rare,chronic,mild,consultation,personal_visit
c_137,Hangover,Hangover,both,['Toxicology'],very_rare,acute,mild,self_care,audio_teleconsultation
c_428,Hashimoto's thyroiditis,Hashimoto’s disease,both,['Endocrinology'],rare,chronic_with_exacerbations,moderate,consultation,personal_visit
c_1040,Head and neck unspecified injury,Unspecified head and neck injury,both,['Traumatology'],rare,acute,moderate,consultation,personal_visit
c_1263,"Hearing loss, unspecified",Unspecific hearing loss,both,['Otorhinolaryngology'],moderate,chronic,moderate,consultation,personal_visit
c_897,Heart valve disease,Heart valve disease,both,['Cardiology'],very_rare,chronic_with_exacerbations,severe,consultation,personal_visit
c_424,Heat and sun-related illness,Heat and sun-related illness,both,['Other'],very_rare,acute,severe,consultation_24,personal_visit
c_1202,Heavy metal poisoning,Heavy metal poisoning,both,['Toxicology'],very_rare,acute,severe,emergency_ambulance,personal_visit
c_328,Hemochromatosis,Hemochromatosis,both,['Hematology'],very_rare,chronic_with_exacerbations,moderate,consultation,audio_teleconsultation
c_60,Hemolytic anemia,Hemolytic anemia,both,['Hematology'],very_rare,chronic_with_exacerbations,severe,consultation,personal_visit
c_606,Hemolytic-uremic syndrome,Hemolytic-uremic syndrome,both,['Nephrology'],very_rare,acute,severe,emergency,personal_visit
c_514,Hemophagocytic lymphohistiocytosis,Hemophagocytic lymphohistiocytosis,both,['Hematology'],very_rare,acute_potentially_chronic,severe,emergency,personal_visit
c_1145,Hemophilia,Hemophilia,male,['Hematology'],very_rare,chronic_with_exacerbations,moderate,consultation,personal_visit
c_371,Hemorrhagic anemia,Acute anemia,both,['Hematology'],very_rare,acute_potentially_chronic,moderate,consultation_24,personal_visit
c_709,Hemorrhagic stroke,Hemorrhagic stroke,both,['Neurology'],very_rare,acute,severe,emergency_ambulance,personal_visit
c_147,Hemorrhoids,Hemorrhoids,both,['Gastroenterology'],rare,chronic_with_exacerbations,mild,self_care,personal_visit
c_463,Henoch-Schönlein purpura,Henoch-Schönlein vasculitis,both,['Rheumatology'],very_rare,acute,moderate,consultation_24,personal_visit
c_590,Hepatic abscess,Hepatic abscess,both,['Surgery'],very_rare,chronic,severe,consultation_24,personal_visit
c_443,Hepatic encephalopathy,Hepatic encephalopathy,both,['Gastroenterology'],very_rare,chronic_with_exacerbations,severe,emergency,personal_visit
c_477,Hepatitis A,Hepatitis A,both,['Infectiology'],very_rare,acute,moderate,consultation_24,personal_visit
c_478,Hepatitis B,Hepatitis B,both,['Infectiology'],very_rare,acute_potentially_chronic,severe,consultation_24,personal_visit
c_479,Hepatitis C,Hepatitis C,both,['Infectiology'],very_rare,acute_potentially_chronic,severe,consultation,audio_teleconsultation
c_294,Herbicide poisoning,Herbicide poisoning,both,['Toxicology'],very_rare,acute,severe,emergency,personal_visit
c_1183,Herpangina,Herpangina,both,['Otorhinolaryngology'],very_rare,acute,mild,consultation,personal_visit
c_1259,Heterochromia,Different eye colours,both,['Ophthalmology'],common,chronic,mild,self_care,personal_visit
c_465,High altitude sickness,High altitude sickness,both,['Other'],very_rare,acute,moderate,emergency,personal_visit
c_1047,Hip contusion,Hip contusion,both,['Traumatology'],very_rare,acute,mild,self_care,video_teleconsultation
c_1031,Hip dislocation,Dislocated hip,both,['Traumatology'],very_rare,acute,moderate,consultation_24,personal_visit
c_221,Hip osteoarthritis,Hip osteoarthritis,both,['Orthopedics'],very_rare,chronic,mild,consultation,personal_visit
c_181,Hodgkin lymphoma,Hodgkin's disease,both,['Hematology'],very_rare,chronic,severe,consultation,personal_visit
c_290,Hookworm infection,Hookworm disease,both,['Infectiology'],very_rare,acute_potentially_chronic,mild,consultation_24,audio_teleconsultation
c_287,Horner's syndrome,Horner's syndrome,both,['Neurology'],very_rare,chronic,moderate,consultation_24,personal_visit
c_1070,Humerus fracture,Broken arm,both,['Traumatology'],very_rare,acute,moderate,emergency,personal_visit
c_525,Hydrocele testis,Hydrocele testis,male,['Urology'],rare,chronic,mild,consultation,personal_visit
c_921,Hyperemesis gravidarum,Hyperemesis gravidarum,female,['Gynecology'],very_rare,acute_potentially_chronic,moderate,consultation,personal_visit
c_51,Hyperparathyroidism,Hyperparathyroidism,both,['Endocrinology'],rare,chronic_with_exacerbations,severe,consultation,personal_visit
c_920,Hyperprolactinemia,Hyperprolactinemia,both,['Endocrinology'],moderate,chronic,mild,consultation,personal_visit
c_50,Hypertension,High blood pressure,both,['Cardiology'],very_rare,chronic_with_exacerbations,moderate,consultation,personal_visit
c_461,Hypertensive crisis,Hypertensive crisis,both,['Cardiology'],very_rare,acute,severe,consultation_24,personal_visit
c_462,Hypertensive encephalopathy,Hypertensive encephalopathy,both,['Cardiology'],very_rare,acute,severe,emergency_ambulance,personal_visit
c_52,Hyperthyroidism,Hyperthyroidism,both,['Endocrinology'],very_rare,chronic_with_exacerbations,severe,consultation,personal_visit
c_446,Hypoglycemia,Hypoglycemia,both,['Internal Medicine'],very_rare,acute,moderate,emergency,personal_visit
c_58,Hypoparathyroidism,Hypoparathyroidism,both,['Endocrinology'],rare,chronic_with_exacerbations,severe,consultation,personal_visit
c_196,Hypopituitarism,Hypopituitarism,both,['Endocrinology'],very_rare,chronic,moderate,consultation,personal_visit
c_35,Hypotension,Hypotension,both,['Internal Medicine'],moderate,chronic_with_exacerbations,mild,self_care,personal_visit
c_59,Hypothyroidism,Hypothyroidism,both,['Endocrinology'],rare,chronic,moderate,consultation,video_teleconsultation
c_956,Hypovolemic shock,Hypovolemic shock,both,['Other'],very_rare,acute,severe,emergency_ambulance,personal_visit
c_489,Idiopathic pulmonary fibrosis,Idiopathic pulmonary fibrosis,both,['Pulmonology'],very_rare,chronic,severe,consultation,personal_visit
c_139,Impacted wisdom tooth,Impacted wisdom tooth,both,['Dentistry'],moderate,acute,mild,consultation,personal_visit
c_42,Impetigo contagiosa,Impetigo,both,['Dermatology'],moderate,acute,mild,consultation,personal_visit
c_195,Improper use of sleeping pills and sedatives,Improper use of sleeping pills and sedatives,both,['Toxicology'],very_rare,acute_potentially_chronic,moderate,consultation,personal_visit
c_551,Incarcerated inguinal hernia,Incarcerated inguinal hernia,both,['Surgery'],very_rare,acute,severe,emergency,personal_visit
c_332,Increased intracranial pressure,Increased intracranial pressure,both,['Neurology'],very_rare,acute_potentially_chronic,severe,emergency_ambulance,personal_visit
c_36,Infectious arthritis,Infectious arthritis,both,['Rheumatology'],very_rare,acute_potentially_chronic,moderate,consultation_24,personal_visit
c_200,Infectious mononucleosis,Mononucleosis,both,['Infectiology'],rare,acute,moderate,consultation_24,personal_visit
c_206,Infective endocarditis,Infective endocarditis,both,['Cardiology'],very_rare,acute,severe,consultation_24,personal_visit
c_33,Influenza,Flu,both,['Infectiology'],rare,acute,moderate,consultation,audio_teleconsultation
c_836,Ingrown fingernail,Ingrown fingernail,both,['Surgery'],rare,acute_potentially_chronic,mild,consultation,personal_visit
c_978,Ingrown toenail,Ingrown toenail,both,['Surgery'],moderate,acute_potentially_chronic,mild,consultation,personal_visit
c_550,Inguinal hernia,Inguinal hernia,both,['Surgery'],rare,chronic_with_exacerbations,moderate,consultation,personal_visit
c_295,Insecticide poisoning,Insecticide poisoning,both,['Toxicology'],very_rare,acute,severe,emergency_ambulance,personal_visit
c_721,Insomnia,Insomnia,both,['Psychiatry'],moderate,chronic_with_exacerbations,mild,consultation,audio_teleconsultation
c_408,Insulinoma,Insulinoma,both,['Endocrinology'],very_rare,chronic_with_exacerbations,severe,consultation,personal_visit
c_520,Intercostal neuralgia,Intercostal neuralgia,both,['Neurology'],moderate,acute,mild,self_care,personal_visit
c_694,Intestinal obstruction,Intestinal obstruction,both,['Surgery'],very_rare,acute,severe,emergency,personal_visit
c_990,Intra-amniotic infection,Intra-amniotic infection,female,['Gynecology'],very_rare,acute,severe,emergency,personal_visit
c_62,Iron deficiency anemia,Iron deficiency anemia,both,['Hematology'],rare,acute_potentially_chronic,moderate,consultation,audio_teleconsultation
c_142,Irritable bowel syndrome,Irritable bowel syndrome,both,['Gastroenterology'],moderate,chronic_with_exacerbations,mild,consultation,audio_teleconsultation
c_114,Ischemic stroke,Ischemic stroke,both,['Neurology'],very_rare,acute_potentially_chronic,severe,emergency_ambulance,personal_visit
c_1083,"Joint pain, unspecified",Unspecific joint pain,both,['Orthopedics'],common,acute,mild,self_care,text_teleconsultation
c_1188,Keloid,Keloid,both,['Dermatology'],very_rare,chronic,moderate,consultation,personal_visit
c_892,Keratitis,Keratitis,both,['Ophthalmology'],rare,acute_potentially_chronic,moderate,consultation,personal_visit
c_420,Klüver-Bucy bitemporal syndrome,Klüver-Bucy bitemporal syndrome,both,['Neurology'],very_rare,chronic,severe,consultation,personal_visit
c_720,Knee bursitis,Knee bursitis,both,['Orthopedics'],very_rare,acute_potentially_chronic,mild,consultation,personal_visit
c_1030,Knee dislocation,Dislocated knee,both,['Traumatology'],very_rare,acute,severe,emergency,personal_visit
c_220,Knee osteoarthritis,Knee osteoarthritis,both,['Orthopedics'],very_rare,chronic,mild,consultation,personal_visit
c_347,Korsakoff's syndrome,Korsakoff's syndrome,both,['Psychiatry'],very_rare,chronic,severe,consultation,personal_visit
c_982,Labour,Labour,female,['Gynecology'],very_rare,acute,moderate,emergency,personal_visit
c_162,Labyrinthitis,Inflammation of the inner ear,both,['Otorhinolaryngology'],very_rare,acute,moderate,consultation_24,personal_visit
c_727,Lactational mastitis,Breast inflammation associated with lactation,female,['Gynecology'],very_rare,acute_potentially_chronic,moderate,consultation_24,personal_visit
c_735,Lactose intolerance,Lactose intolerance,both,['Gastroenterology'],moderate,chronic,mild,self_care,audio_teleconsultation
c_91,Laryngeal cancer,Laryngeal cancer,both,['Otorhinolaryngology'],very_rare,chronic,severe,consultation,personal_visit
c_246,Lassa fever,Lassa fever,both,['Infectiology'],very_rare,acute,severe,emergency,personal_visit
c_553,Lateral medullary syndrome,Lateral medullary syndrome,both,['Neurology'],very_rare,chronic,moderate,consultation_24,personal_visit
c_211,Left-sided heart failure,Left-sided heart failure,both,['Cardiology'],very_rare,chronic_with_exacerbations,severe,consultation_24,personal_visit
c_272,Legionellosis,Legionellosis,both,['Infectiology'],very_rare,acute,severe,consultation_24,personal_visit
c_256,Leptospirosis,Leptospirosis,both,['Infectiology'],very_rare,acute,moderate,consultation,audio_teleconsultation
c_313,Leriche's syndrome,Leriche's syndrome,both,['Angiology'],very_rare,chronic_with_exacerbations,severe,consultation,personal_visit
c_841,Leukoplakia,Leukoplakia,both,['Dentistry'],very_rare,chronic,mild,consultation,video_teleconsultation
c_1053,"Limb injury, unspecified location",Limb injury of unspecified location,both,['Traumatology'],very_rare,acute,moderate,consultation,video_teleconsultation
c_585,Limbic encephalitis,Limbic encephalitis,both,['Neurology'],very_rare,chronic_with_exacerbations,severe,emergency,personal_visit
c_1111,Lip injury,Lip injury,both,['Other'],rare,acute,mild,self_care,video_teleconsultation
c_834,Lipoma,Lipoma,both,['Surgery'],moderate,chronic,mild,consultation,personal_visit
c_99,Liver cancer,Liver cancer,both,['Gastroenterology'],very_rare,chronic,severe,consultation,personal_visit
c_1059,Lower leg contusion,Lower leg contusion,both,['Traumatology'],very_rare,acute,mild,self_care,video_teleconsultation
c_1038,"Lower limb injury, unspecified location",Lower limb injury of unspecified location,both,['Traumatology'],very_rare,acute,mild,consultation,personal_visit
c_1022,Lumbar vertebra fracture,Broken lumbar spine,both,['Traumatology'],very_rare,acute,moderate,emergency,personal_visit
c_64,Lung cancer,Lung cancer,both,['Pulmonology'],very_rare,chronic,severe,consultation,personal_visit
c_182,Lyme disease,Lyme disease,both,['Infectiology'],rare,acute_potentially_chronic,moderate,consultation_24,audio_teleconsultation
c_26,Major depressive disorder,Depression,both,['Psychiatry'],moderate,chronic_with_exacerbations,severe,consultation,video_teleconsultation
c_1064,Major skin injury,Major wound,both,['Traumatology'],very_rare,acute,moderate,consultation,personal_visit
c_413,Malaria,Malaria,both,['Infectiology'],very_rare,acute_potentially_chronic,severe,emergency,personal_visit
c_1220,Malnutrition,Poor nutrition,both,['Internal Medicine'],very_rare,chronic,mild,consultation,personal_visit
c_1060,Mandible fracture,Broken jaw,both,['Traumatology'],very_rare,acute,severe,emergency,personal_visit
c_274,Manic syndrome,Mania,both,['Psychiatry'],rare,acute,severe,consultation_24,video_teleconsultation
c_513,Mastocytosis,Mastocytosis,both,['Hematology'],very_rare,chronic_with_exacerbations,severe,consultation,audio_teleconsultation
c_286,Measles,Measles,both,['Infectiology'],very_rare,acute,moderate,consultation_24,personal_visit
c_981,Mechanical back pain,Back strain,both,['Orthopedics'],moderate,acute_potentially_chronic,mild,self_care,video_teleconsultation
c_469,Mediastinitis,Inflammation of mediastinum,both,['Pulmonology'],very_rare,acute,severe,emergency,personal_visit
c_620,Medulloblastoma,Medulloblastoma,both,['Neurology'],very_rare,chronic,severe,consultation,personal_visit
c_25,Melanoma,Melanoma,both,['Dermatology'],very_rare,chronic,severe,consultation,personal_visit
c_1236,Meteorosensitivity and meteoropathy,Meteorosensitivity and meteoropathy,both,['Other'],very_rare,chronic_with_exacerbations,mild,self_care,personal_visit
c_619,Methanol poisoning,Methyl alcohol poisoning,both,['Toxicology'],very_rare,acute_potentially_chronic,severe,emergency,personal_visit
c_510,Microscopic polyangiitis,Microscopic artery inflammation,both,['Rheumatology'],very_rare,chronic,moderate,consultation,personal_visit
c_49,Migraine,Migraine,both,['Neurology'],moderate,chronic_with_exacerbations,mild,consultation,audio_teleconsultation
c_323,Milk-alkali syndrome,Milk-alkali syndrome,both,['Gastroenterology'],very_rare,chronic_with_exacerbations,moderate,consultation,personal_visit
c_984,"Minor head injury, unspecified",Mild head injury,both,['Traumatology'],very_rare,acute,moderate,self_care,video_teleconsultation
c_1063,Minor skin injury,Minor wound,both,['Traumatology'],very_rare,acute,mild,self_care,video_teleconsultation
c_511,Mixed connective tissue disease,Mixed connective tissue disease,both,['Rheumatology'],very_rare,chronic,moderate,consultation,personal_visit
c_1122,Molluscum contagiosum,Molluscum contagiosum,both,['Dermatology'],rare,acute,mild,consultation,personal_visit
c_575,Mononeuritis multiplex,Inflammation of multiple individual nerves,both,['Neurology'],very_rare,chronic,moderate,consultation,personal_visit
c_1231,Motion sickness,Travel sickness,both,['Pediatrics'],moderate,chronic_with_exacerbations,mild,self_care,text_teleconsultation
c_108,Multiple sclerosis,Multiple sclerosis,both,['Neurology'],very_rare,chronic_with_exacerbations,severe,consultation,personal_visit
c_192,Mumps,Inflammation of parotid salivary glands,both,['Infectiology'],very_rare,acute,mild,consultation_24,personal_visit
c_1139,Muscular dystrophy,Muscular dystrophy,male,['Genetics'],very_rare,chronic,moderate,consultation,personal_visit
c_46,Myasthenia gravis,Progressive muscle weakness,both,['Neurology'],very_rare,chronic_with_exacerbations,moderate,consultation,personal_visit
c_423,Myelofibrosis,Replacement of bone marrow with scar tissue,both,['Hematology'],very_rare,chronic,severe,consultation,audio_teleconsultation
c_140,Myocardial infarction,Heart attack,both,['Cardiology'],very_rare,acute,severe,emergency_ambulance,personal_visit
c_210,Myocarditis,Inflammation of heart muscle,both,['Cardiology'],very_rare,acute_potentially_chronic,severe,consultation_24,personal_visit
c_203,Ménière's disease,Ménière's disease,both,['Otorhinolaryngology'],very_rare,chronic_with_exacerbations,mild,consultation,personal_visit
c_164,Ménétrier's disease,Ménétrier's disease,both,['Gastroenterology'],very_rare,chronic,moderate,consultation,personal_visit
c_979,Nail injury,Nail injury,both,['Traumatology'],very_rare,acute,mild,self_care,personal_visit
c_440,Nasal polyps,Nasal polyps,both,['Otorhinolaryngology'],moderate,chronic,mild,consultation,personal_visit
c_810,Nasal septum deviation,Nasal septum deviation,both,['Otorhinolaryngology'],moderate,chronic,mild,consultation,personal_visit
c_799,Nasolacrimal duct obstruction,Blocked tear duct,both,['Ophthalmology'],very_rare,acute,mild,self_care,personal_visit
c_710,Nausea and vomiting in pregnancy,Morning sickness,female,['Gynecology'],very_rare,acute_potentially_chronic,mild,self_care,audio_teleconsultation
c_37,Nephrolithiasis,Kidney stones,both,['Urology'],rare,chronic_with_exacerbations,moderate,consultation_24,personal_visit
c_265,Nephrotic syndrome,Nephrotic syndrome,both,['Nephrology'],very_rare,acute_potentially_chronic,severe,consultation_24,personal_visit
c_375,Neurasthenia,Neurasthenia,both,['Psychiatry'],very_rare,chronic_with_exacerbations,mild,consultation,audio_teleconsultation
c_63,Nicotine dependence,Nicotine dependence,both,['Psychiatry'],rare,chronic,mild,consultation,audio_teleconsultation
c_583,Non-Hodgkin lymphoma,Non-Hodgkin lymphoma,both,['Hematology'],very_rare,chronic,severe,consultation_24,personal_visit
c_644,Non-alcoholic fatty liver disease,Non-alcoholic fatty liver disease,both,['Gastroenterology'],rare,chronic,mild,consultation,personal_visit
c_666,Non-allergic non-infectious rhinitis,Nonallergic rhinitis,both,['Otorhinolaryngology'],moderate,chronic,mild,self_care,text_teleconsultation
c_801,Non-lactational mastitis,Inflammation of the breast,female,['Surgery'],very_rare,acute_potentially_chronic,mild,consultation_24,personal_visit
c_797,Non-melanoma skin cancer,Non-melanoma skin carcinoma,both,['Dermatology'],very_rare,chronic,severe,consultation,personal_visit
c_1177,Non-traumatic vertebral fracture,Compression fracture of the spine,both,['Orthopedics'],very_rare,acute_potentially_chronic,severe,consultation,personal_visit
c_780,Nose injury,Nose injury,both,['Traumatology'],very_rare,acute,mild,consultation,video_teleconsultation
c_118,Obsessive-compulsive disorder,Obsessive-compulsive disorder,both,['Psychiatry'],rare,chronic_with_exacerbations,moderate,consultation,video_teleconsultation
c_248,Obstructive jaundice,Obstructive jaundice,both,['Gastroenterology'],rare,acute_potentially_chronic,moderate,emergency,personal_visit
c_711,Obstructive sleep apnea,Sleep apnea,both,['Pulmonology'],rare,chronic,moderate,consultation,audio_teleconsultation
c_549,Oculomotor nerve palsy,Oculomotor nerve palsy,both,['Ophthalmology'],very_rare,chronic,mild,consultation,personal_visit
c_937,Olecranon bursitis,Olecranon bursitis,both,['Orthopedics'],moderate,chronic,mild,consultation,personal_visit
c_888,Onychomycosis,Fungal nail infection,both,['Dermatology'],common,chronic,mild,self_care,personal_visit
c_997,Open-angle glaucoma,Open-angle glaucoma,both,['Ophthalmology'],very_rare,chronic,moderate,consultation,personal_visit
c_1218,Opioid withdrawal syndrome,Opioid withdrawal syndrome,both,['Toxicology'],very_rare,acute,severe,consultation_24,personal_visit
c_698,Oral candidiasis,Oral thrush,both,['Internal Medicine'],rare,acute_potentially_chronic,mild,consultation,video_teleconsultation
c_67,Oral herpes,Cold sore,both,['Dermatology'],moderate,acute_potentially_chronic,mild,self_care,video_teleconsultation
c_125,Orchitis and epididymitis,Inflammation of testes and epididymis,male,['Urology'],rare,acute,moderate,consultation_24,personal_visit
c_350,Organic mental disorder,Organic mental disorder,both,['Psychiatry'],very_rare,chronic,mild,consultation,personal_visit
c_337,Osteomalacia,Osteomalacia,both,['Internal Medicine'],very_rare,chronic,moderate,consultation,audio_teleconsultation
c_533,Osteomyelitis,Bone infection,both,['Orthopedics'],very_rare,acute_potentially_chronic,severe,consultation_24,personal_visit
c_69,Osteoporosis,Osteoporosis,both,['Rheumatology'],very_rare,chronic_with_exacerbations,severe,consultation,personal_visit
c_131,Otitis externa,Inflammation of the external ear,both,['Otorhinolaryngology'],moderate,acute_potentially_chronic,mild,consultation,personal_visit
c_89,Ovarian cancer,Ovarian cancer,female,['Gynecology'],very_rare,chronic,severe,consultation,personal_visit
c_321,Paget's disease of bone,Paget's disease of bone,both,['Rheumatology'],very_rare,chronic,moderate,consultation,personal_visit
c_923,Painful ovulation,Painful ovulation,female,['Gynecology'],rare,chronic_with_exacerbations,mild,self_care,text_teleconsultation
c_617,Pancoast tumor,Pancoast tumor,both,['Pulmonology'],very_rare,chronic_with_exacerbations,severe,consultation,personal_visit
c_310,Paranoid schizophrenia,Paranoid schizophrenia,both,['Psychiatry'],rare,chronic_with_exacerbations,severe,consultation_24,video_teleconsultation
c_1106,Paraphimosis,Paraphimosis,male,['Urology'],rare,acute_potentially_chronic,severe,emergency,personal_visit
c_529,Paronychia,Paronychia,both,['Surgery'],moderate,acute_potentially_chronic,mild,consultation,personal_visit
c_445,Paroxysmal nocturnal hemoglobinuria,Paroxysmal nocturnal hemoglobinuria,both,['Hematology'],very_rare,chronic_with_exacerbations,moderate,consultation,personal_visit
c_1013,Patella fracture,Broken kneecap,both,['Traumatology'],very_rare,acute,moderate,consultation_24,personal_visit
c_939,Patellofemoral pain syndrome,Runner's knee,both,['Orthopedics'],moderate,chronic,mild,consultation,personal_visit
c_633,Pediculosis capitis,Head lice,both,['Infectiology'],rare,acute_potentially_chronic,mild,self_care,video_teleconsultation
c_160,Pelvic inflammatory disease,Pelvic inflammatory disease,female,['Gynecology'],rare,acute,severe,consultation_24,personal_visit
c_880,Pelvic organ prolapse,Uterine prolapse,female,['Gynecology'],rare,chronic,mild,consultation,personal_visit
c_1020,Pelvis fracture,Broken pelvis,both,['Traumatology'],very_rare,acute,severe,emergency,personal_visit
c_1096,Penetrating abdominal trauma,Penetrating stomach trauma,both,['Traumatology'],very_rare,acute,severe,emergency_ambulance,personal_visit
c_20,Peptic ulcer,Peptic ulcer disease,both,['Gastroenterology'],rare,chronic_with_exacerbations,mild,consultation,personal_visit
c_126,Pericarditis,Pericarditis,both,['Cardiology'],very_rare,acute_potentially_chronic,severe,consultation_24,personal_visit
c_75,Periodontitis,Gum disease,both,['Dentistry'],moderate,chronic,mild,consultation,personal_visit
c_957,Periorbital cellulitis,Periorbital cellulitis,both,['Ophthalmology'],very_rare,acute,moderate,consultation_24,personal_visit
c_85,Peripheral vascular disease,Peripheral arterial disease,both,['Angiology'],very_rare,chronic_with_exacerbations,moderate,consultation,personal_visit
c_660,Peritonitis,Peritonitis,both,['Surgery'],very_rare,acute,severe,emergency,personal_visit
c_686,Peritonsillar abscess,Quinsy,both,['Otorhinolaryngology'],very_rare,acute,severe,emergency,personal_visit
c_324,Pernicious anemia,Pernicious anemia,both,['Hematology'],very_rare,chronic,mild,consultation,audio_teleconsultation
c_949,Peroneal mononeuropathy,Peroneal neuropathy,both,['Orthopedics'],rare,chronic,mild,consultation,personal_visit
c_724,Pertussis,Pertussis,both,['Infectiology'],very_rare,acute,moderate,consultation_24,personal_visit
c_207,Pheochromocytoma,Pheochromocytoma,both,['Endocrinology'],very_rare,chronic_with_exacerbations,severe,consultation_24,personal_visit
c_1107,Phimosis,Phimosis,male,['Urology'],rare,chronic,mild,consultation,personal_visit
c_1065,Physical injury of unknown location,Physical injury of unknown location,both,['Traumatology'],very_rare,acute,severe,consultation,personal_visit
c_1168,Pilonidal cyst,Pilonidal cyst,both,['Surgery'],very_rare,chronic_with_exacerbations,mild,consultation,personal_visit
c_543,Pituitary prolactin releasing adenoma,Pituitary prolactin releasing adenoma,both,['Endocrinology'],very_rare,chronic,severe,consultation,personal_visit
c_334,Pituitary tumor,Pituitary tumor,both,['Endocrinology'],rare,chronic,severe,consultation,personal_visit
c_1200,Pityriasis rosea,Pityriasis rosea,both,['Dermatology'],moderate,acute,mild,consultation,personal_visit
c_924,Placenta previa,Placenta previa,female,['Gynecology'],very_rare,acute,severe,emergency,personal_visit
c_989,Placental abruption,Premature separation of placenta,female,['Gynecology'],very_rare,acute,severe,emergency,personal_visit
c_271,Plague,Plague,both,['Infectiology'],very_rare,acute,severe,emergency,personal_visit
c_1254,Plugged milk duct,Plugged milk duct,female,['Gynecology'],very_rare,acute,mild,self_care,personal_visit
c_798,Pneumocystis jirovecii pneumonia,Pneumocystis jirovecii pneumonia,both,['Pulmonology'],very_rare,acute,severe,consultation_24,personal_visit
c_127,Pneumonia,Pneumonia,both,['Internal Medicine'],rare,acute,severe,consultation_24,personal_visit
c_661,Pneumothorax,Pneumothorax,both,['Pulmonology'],rare,acute,severe,emergency_ambulance,personal_visit
c_458,Polyarteritis nodosa,Polyarteritis nodosa,both,['Rheumatology'],very_rare,chronic,severe,consultation,personal_visit
c_145,Polycystic ovary syndrome,Polycystic ovary syndrome,female,['Endocrinology'],rare,chronic,moderate,consultation,personal_visit
c_251,Polycythemia vera,Erythremia,both,['Hematology'],very_rare,chronic_with_exacerbations,moderate,consultation,personal_visit
c_317,Polymyositis,Polymyositis,both,['Rheumatology'],very_rare,chronic_with_exacerbations,severe,consultation,personal_visit
c_695,Portal hypertension,Portal hypertension,both,['Internal Medicine'],very_rare,chronic,severe,consultation_24,personal_visit
c_1182,Post-COVID-19 syndrome,Post-COVID-19 syndrome,both,['Infectiology'],very_rare,chronic,moderate,consultation,personal_visit
c_351,Post-concussion syndrome,Post-concussion syndrome,both,['Neurology'],very_rare,chronic,moderate,consultation,personal_visit
c_299,Post-traumatic stress disorder,Post-traumatic stress disorder,both,['Psychiatry'],very_rare,chronic_with_exacerbations,moderate,consultation,video_teleconsultation
c_922,Postinfectious cough,Postinfectious cough,both,['Pulmonology'],very_rare,acute,mild,self_care,personal_visit
c_309,Postpartum depression,Post-pregnancy depression,female,['Psychiatry'],very_rare,acute_potentially_chronic,severe,consultation_24,video_teleconsultation
c_1179,Posttraumatic seizures,Posttraumatic seizures,both,['Neurology'],very_rare,acute,moderate,emergency,personal_visit
c_369,Pre-eclampsia,Pre-eclampsia,female,['Gynecology'],very_rare,acute,severe,emergency_ambulance,personal_visit
c_22,Pregnancy,Pregnancy,female,['Gynecology'],rare,acute_potentially_chronic,mild,consultation,personal_visit
c_143,Premenstrual syndrome,Premenstrual syndrome,female,['Gynecology'],moderate,chronic_with_exacerbations,mild,self_care,video_teleconsultation
c_508,Prerenal acute renal failure,Prerenal acute renal failure,both,['Nephrology'],very_rare,acute,severe,emergency_ambulance,personal_visit
c_681,Presbycusis,Age-related hearing loss,both,['Otorhinolaryngology'],very_rare,chronic,mild,consultation,personal_visit
c_486,Primary biliary cholangitis,Primary biliary cholangitis,both,['Gastroenterology'],very_rare,chronic,severe,consultation,personal_visit
c_1173,Primary dysmenorrhoea,Primary dysmenorrhoea,female,['Gynecology'],moderate,chronic,mild,self_care,audio_teleconsultation
c_775,Primary syphilis,Primary syphilis,both,['Venereology'],very_rare,acute,mild,consultation,personal_visit
c_497,Prinzmetal's angina,Prinzmetal's angina,both,['Cardiology'],very_rare,chronic_with_exacerbations,severe,consultation_24,personal_visit
c_728,Proctitis,Inflammation of the rectum,both,['Gastroenterology'],rare,acute_potentially_chronic,moderate,consultation_24,personal_visit
c_397,Progressive supranuclear palsy,Progressive supranuclear palsy,both,['Neurology'],very_rare,chronic,severe,consultation,personal_visit
c_122,Prostatitis,Prostatitis,male,['Urology'],moderate,acute_potentially_chronic,moderate,consultation_24,personal_visit
c_587,Pseudo gout,Pseudo gout,both,['Rheumatology'],very_rare,chronic_with_exacerbations,mild,consultation,personal_visit
c_571,Pseudo-tetany,Pseudo-tetany,both,['Internal Medicine'],very_rare,acute,mild,consultation,personal_visit
c_390,Pseudobulbar palsy,Pseudobulbar palsy,both,['Neurology'],very_rare,acute_potentially_chronic,severe,consultation_24,personal_visit
c_263,Psittacosis,Psittacosis,both,['Infectiology'],very_rare,acute,moderate,consultation_24,personal_visit
c_43,Psoriasis,Psoriasis,both,['Dermatology'],rare,chronic_with_exacerbations,severe,consultation,video_teleconsultation
c_1100,Psoriasis exacerbation,Psoriasis exacerbation,both,['Dermatology'],very_rare,acute_potentially_chronic,moderate,consultation,video_teleconsultation
c_953,Psoriatic arthritis,Psoriatic arthritis,both,['Rheumatology'],very_rare,chronic_with_exacerbations,moderate,consultation,video_teleconsultation
c_288,Pulmonary edema,Pulmonary edema,both,['Cardiology'],very_rare,acute,severe,emergency,personal_visit
c_136,Pulmonary embolism,Pulmonary embolism,both,['Cardiology'],very_rare,acute,severe,emergency_ambulance,personal_visit
c_493,Pulmonary hypertension,Pulmonary hypertension,both,['Pulmonology'],very_rare,chronic_with_exacerbations,severe,consultation_24,personal_visit
c_32,Pulmonary tuberculosis,Pulmonary tuberculosis,both,['Pulmonology'],very_rare,acute_potentially_chronic,severe,consultation_24,personal_visit
c_124,Pulpitis,Inflammation of the pulp,both,['Dentistry'],rare,acute_potentially_chronic,mild,consultation,personal_visit
c_540,Pure hypercholesterolemia,Pure hypercholesterolemia,both,['Internal Medicine'],very_rare,chronic,mild,consultation,audio_teleconsultation
c_541,Pure hypertriglyceridemia,Pure hypertriglyceridemia,both,['Internal Medicine'],moderate,chronic,mild,consultation,audio_teleconsultation
c_284,Pyelonephritis,Pyelonephritis,both,['Nephrology'],very_rare,acute,moderate,consultation_24,personal_visit
c_241,Q fever,Q fever,both,['Infectiology'],very_rare,acute,severe,emergency,personal_visit
c_579,Rabies,Rabies,both,['Infectiology'],very_rare,acute,severe,emergency,personal_visit
c_950,Radial nerve neuropathy,Radial nerve neuropathy,both,['Orthopedics'],very_rare,chronic,mild,consultation,personal_visit
c_468,Ramsay Hunt syndrome type II,Ramsay Hunt syndrome type II,both,['Infectiology'],very_rare,acute,moderate,consultation_24,personal_visit
c_209,Raynaud's phenomenon,Raynaud disease,both,['Dermatology'],rare,chronic,mild,consultation,personal_visit
c_100,Reactive arthritis,Reactive arthritis,both,['Rheumatology'],very_rare,chronic_with_exacerbations,moderate,consultation_24,personal_visit
c_980,Reflex syncope,Reflex syncope,both,['Internal Medicine'],moderate,chronic,mild,consultation,personal_visit
c_237,Relapsing fever,Relapsing fever,both,['Infectiology'],very_rare,acute_potentially_chronic,moderate,emergency,personal_visit
c_687,Respiratory diphtheria,Respiratory diphtheria,both,['Infectiology'],very_rare,acute,severe,emergency,personal_visit
c_748,Restless legs syndrome,Restless legs syndrome,both,['Neurology'],rare,chronic,mild,consultation,personal_visit
c_596,Retinal detachment,Retinal detachment,both,['Ophthalmology'],very_rare,acute_potentially_chronic,severe,emergency,personal_visit
c_593,Retinopathy,Retinopathy,both,['Ophthalmology'],rare,chronic_with_exacerbations,moderate,consultation,personal_visit
c_104,Rheumatoid arthritis,Rheumatoid arthritis,both,['Rheumatology'],very_rare,chronic_with_exacerbations,moderate,consultation,personal_visit
c_889,Rib fracture,Broken rib,both,['Traumatology'],very_rare,acute,moderate,consultation_24,personal_visit
c_252,Rift Valley fever,Rift Valley fever,both,['Infectiology'],very_rare,acute,mild,emergency,personal_visit
c_572,Right-sided heart failure,Right-sided heart failure,both,['Cardiology'],very_rare,chronic_with_exacerbations,severe,consultation_24,personal_visit
c_239,Rocky Mountain spotted fever,Rocky Mountain spotted fever,both,['Infectiology'],very_rare,acute,severe,emergency,personal_visit
c_849,Rosacea,Rosacea,both,['Dermatology'],rare,chronic_with_exacerbations,mild,consultation,video_teleconsultation
c_931,Rotator cuff syndrome,Rotator cuff syndrome,both,['Orthopedics'],rare,chronic,mild,consultation,personal_visit
c_326,Rotor syndrome,Rotor syndrome,both,['Gastroenterology'],very_rare,chronic,mild,self_care,personal_visit
c_307,Salicylate poisoning,Aspirin poisoning,both,['Toxicology'],very_rare,acute,severe,emergency,personal_visit
c_105,Sarcoidosis,Sarcoidosis,both,['Pulmonology'],rare,chronic,severe,consultation,personal_visit
c_589,Scabies,Scabies,both,['Infectiology'],rare,acute_potentially_chronic,mild,consultation,personal_visit
c_1021,Scapula fracture,Broken shoulder bone,both,['Traumatology'],very_rare,acute,moderate,consultation,personal_visit
c_676,Scarlet fever,Scarlet fever,both,['Infectiology'],very_rare,acute,moderate,consultation_24,personal_visit
c_311,Schizoaffective disorder - depressive type,Schizoaffective disorder - depressive type,both,['Psychiatry'],very_rare,chronic_with_exacerbations,severe,consultation,video_teleconsultation
c_312,Schizoaffective disorder - manic type,Schizoaffective disorder - manic type,both,['Psychiatry'],very_rare,chronic_with_exacerbations,severe,consultation_24,video_teleconsultation
c_102,Sciatica,Sciatica,both,['Neurology'],moderate,chronic_with_exacerbations,moderate,consultation,video_teleconsultation
c_675,Scoliosis,Scoliosis,both,['Orthopedics'],moderate,chronic,mild,self_care,personal_visit
c_257,Scrub typhus,Scrub typhus,both,['Infectiology'],very_rare,acute,moderate,emergency,personal_visit
c_320,Seasonal affective disorder,Seasonal affective disorder,both,['Psychiatry'],rare,chronic_with_exacerbations,mild,consultation,video_teleconsultation
c_453,Seborrheic dermatitis,Seborrheic dermatitis,both,['Dermatology'],moderate,chronic,mild,consultation,video_teleconsultation
c_766,Secondary syphilis,Secondary syphilis,both,['Venereology'],very_rare,acute_potentially_chronic,moderate,consultation,personal_visit
c_278,Sedatives withdrawal syndrome,Sedatives withdrawal syndrome,both,['Toxicology'],very_rare,acute,severe,consultation_24,personal_visit
c_645,Sepsis,Sepsis,both,['Infectiology'],very_rare,acute,severe,emergency_ambulance,personal_visit
c_106,Sexual addiction,Sexual addiction,both,['Psychiatry'],rare,chronic,moderate,consultation,video_teleconsultation
c_521,Shigellosis,Shigellosis,both,['Infectiology'],very_rare,acute,severe,consultation_24,personal_visit
c_78,Shingles,Shingles,both,['Dermatology'],rare,acute,severe,consultation_24,video_teleconsultation
c_932,Shoulder bursitis,Shoulder bursitis,both,['Orthopedics'],rare,chronic,mild,consultation,personal_visit
c_1037,Shoulder contusion,Shoulder contusion,both,['Traumatology'],very_rare,acute,mild,self_care,video_teleconsultation
c_1028,Shoulder dislocation,Dislocated shoulder,both,['Traumatology'],very_rare,acute,moderate,emergency,personal_visit
c_948,Shoulder impingement syndrome,Shoulder impingement syndrome,both,['Orthopedics'],moderate,chronic,mild,consultation,personal_visit
c_588,Sickle cell anemia,Sickle cell anemia,both,['Hematology'],very_rare,chronic_with_exacerbations,moderate,consultation,personal_visit
c_144,Sjögren's syndrome,Sjögren's syndrome,both,['Rheumatology'],very_rare,chronic,mild,consultation,personal_visit
c_1232,Sleep related leg cramps,Nocturnal leg cramps,both,['Internal Medicine'],moderate,acute_potentially_chronic,mild,self_care,personal_visit
c_466,Small intestinal bacterial overgrowth,Small intestinal bacterial overgrowth,both,['Gastroenterology'],rare,acute_potentially_chronic,mild,consultation,personal_visit
c_308,Social anxiety disorder,Social anxiety disorder,both,['Psychiatry'],rare,chronic_with_exacerbations,mild,consultation,audio_teleconsultation
c_826,Solar lentigo,Age spots,both,['Dermatology'],very_rare,chronic,mild,self_care,personal_visit
c_370,Specific phobia,Specific phobia,both,['Psychiatry'],very_rare,chronic_with_exacerbations,mild,self_care,audio_teleconsultation
c_218,Spinal osteoarthritis,Degenerative arthritis of the spine,both,['Orthopedics'],very_rare,chronic,mild,consultation,personal_visit
c_755,Splenic injury,Splenic injury,both,['Traumatology'],very_rare,acute,severe,emergency_ambulance,personal_visit
c_689,Sprained ankle,Sprained ankle,both,['Traumatology'],very_rare,acute,mild,consultation_24,personal_visit
c_817,Sprained elbow,Sprained elbow,both,['Traumatology'],very_rare,acute,mild,consultation_24,personal_visit
c_1034,Sprained finger,Sprained finger,both,['Traumatology'],very_rare,acute,mild,self_care,personal_visit
c_828,Sprained hip,Sprained hip,both,['Traumatology'],very_rare,acute_potentially_chronic,mild,consultation,personal_visit
c_829,Sprained knee,Sprained knee,both,['Traumatology'],very_rare,acute_potentially_chronic,mild,consultation_24,personal_visit
c_830,Sprained shoulder,Sprained shoulder,both,['Traumatology'],very_rare,acute_potentially_chronic,mild,consultation_24,personal_visit
c_818,Sprained wrist,Sprained wrist,both,['Traumatology'],very_rare,acute,mild,consultation_24,personal_visit
c_663,Stable angina pectoris,Stable angina pectoris,both,['Cardiology'],very_rare,chronic_with_exacerbations,severe,consultation,personal_visit
c_1134,Stable bradyarrhythmia,Arrhythmia with slow heart rate,both,['Cardiology'],very_rare,chronic_with_exacerbations,mild,consultation,personal_visit
c_1128,Stable tachyarrhythmia,Arrhythmia with fast heart rate,both,['Cardiology'],rare,chronic,moderate,consultation,personal_visit
c_1175,Stress fracture of foot,Stress fracture of foot,both,['Orthopedics'],very_rare,acute,moderate,consultation_24,video_teleconsultation
c_1176,Stress fracture of lower leg,Stress fracture of lower leg,both,['Orthopedics'],very_rare,acute,moderate,consultation_24,personal_visit
c_116,Stress urinary incontinence,Stress incontinence,both,['Urology'],very_rare,chronic,mild,consultation,personal_visit
c_170,Stye,Stye,both,['Ophthalmology'],moderate,acute,mild,self_care,video_teleconsultation
c_685,Subarachnoid hemorrhage,Subarachnoid intracranial hemorrhage,both,['Surgery'],very_rare,acute,severe,emergency_ambulance,personal_visit
c_673,Sudden sensorineural hearing loss,Sudden idiopathic hearing loss,both,['Otorhinolaryngology'],rare,acute_potentially_chronic,moderate,consultation_24,personal_visit
c_819,Sun allergy,Sun allergy,both,['Dermatology'],rare,chronic_with_exacerbations,mild,self_care,video_teleconsultation
c_962,Sunburn,Sunburn,both,['Dermatology'],very_rare,acute,mild,self_care,personal_visit
c_135,Superficial thrombophlebitis,Inflammation of the superficial veins,both,['Angiology'],very_rare,chronic_with_exacerbations,moderate,consultation_24,personal_visit
c_616,Superior vena cava syndrome,Superior vena cava syndrome,both,['Angiology'],very_rare,acute,severe,emergency,personal_visit
c_970,Suspicious mole,Suspicious mole,both,['Dermatology'],moderate,chronic,severe,consultation,personal_visit
c_505,Syndrome of inappropriate antidiuretic hormone secretion,Syndrome of inappropriate antidiuretic hormone secretion,both,['Endocrinology'],very_rare,chronic_with_exacerbations,moderate,consultation,personal_visit
c_109,Systemic lupus erythematosus,Lupus,both,['Rheumatology'],very_rare,chronic_with_exacerbations,moderate,consultation,personal_visit
c_112,Systemic scleroderma,Systemic scleroderma,both,['Rheumatology'],very_rare,chronic_with_exacerbations,severe,consultation,personal_visit
c_437,Taeniasis,Tapeworm infection,both,['Infectiology'],very_rare,acute_potentially_chronic,moderate,consultation,personal_visit
c_452,Takayasu's disease,Takayasu's disease,both,['Rheumatology'],very_rare,chronic,moderate,consultation_24,personal_visit
c_459,Temporal giant cell arteritis,Temporal giant cell arteritis,both,['Rheumatology'],very_rare,chronic,moderate,consultation_24,personal_visit
c_152,Temporomandibular joint disorders,Temporomandibular joint disorders,both,['Dentistry'],rare,chronic,mild,consultation,personal_visit
c_55,Tension-type headaches,Tension-type headaches,both,['Neurology'],common,chronic_with_exacerbations,mild,self_care,audio_teleconsultation
c_774,Tertiary syphilis,Tertiary syphilis,both,['Venereology'],very_rare,chronic,moderate,consultation,personal_visit
c_519,Testicular cancer,Testicular cancer,male,['Urology'],rare,chronic,severe,consultation,personal_visit
c_523,Testicular torsion,Testicular torsion,male,['Urology'],very_rare,acute,severe,emergency,personal_visit
c_255,Tetanus,Tetanus,both,['Infectiology'],very_rare,acute,severe,emergency_ambulance,personal_visit
c_208,Tetany,Tetany,both,['Internal Medicine'],rare,acute_potentially_chronic,severe,consultation_24,personal_visit
c_1094,Thalassemia,Thalassemia,both,['Hematology'],very_rare,chronic,mild,consultation,personal_visit
c_1048,Thigh contusion,Thigh contusion,both,['Traumatology'],very_rare,acute,mild,self_care,video_teleconsultation
c_765,Thoracic aortic aneurysm,Thoracic aortic aneurysm,both,['Surgery'],very_rare,chronic,severe,consultation_24,personal_visit
c_884,Thoracic aortic dissection,Thoracic aortic dissection,both,['Surgery'],very_rare,acute,severe,emergency_ambulance,personal_visit
c_618,Thoracic outlet syndrome,Thoracic outlet syndrome,both,['Angiology'],very_rare,chronic,mild,consultation,personal_visit
c_1023,Thoracic vertebra fracture,Broken thoracic spine,both,['Traumatology'],very_rare,acute,severe,emergency,personal_visit
c_1061,Thorax contusion,Chest contusion,both,['Traumatology'],very_rare,acute,mild,self_care,video_teleconsultation
c_925,Threatened miscarriage,Threatened miscarriage,female,['Gynecology'],very_rare,acute_potentially_chronic,moderate,emergency,personal_visit
c_392,Thrombocytopathy,Thrombocytopathy,both,['Hematology'],very_rare,acute_potentially_chronic,moderate,consultation,personal_visit
c_597,Thrombotic thrombocytopenic purpura,Thrombotic thrombocytopenic purpura,both,['Hematology'],very_rare,chronic_with_exacerbations,severe,emergency,personal_visit
c_97,Thyroid cancer,Thyroid cancer,both,['Endocrinology'],very_rare,chronic,severe,consultation,personal_visit
c_429,Thyrotoxic crisis with thyrotoxicosis,Thyrotoxic crisis with thyrotoxicosis,both,['Endocrinology'],very_rare,acute,severe,emergency_ambulance,personal_visit
c_546,Thyrotropin releasing pituitary adenoma,Thyrotropin releasing pituitary adenoma,both,['Endocrinology'],very_rare,chronic,severe,consultation,personal_visit
c_1014,Tibiofibular fracture,Broken calf bones,both,['Traumatology'],very_rare,acute,moderate,emergency,personal_visit
c_835,Tinea capitis,Fungal infection of the scalp,both,['Dermatology'],rare,chronic,mild,consultation,video_teleconsultation
c_833,Tinea corporis,Fungal skin infection,both,['Dermatology'],moderate,acute_potentially_chronic,mild,consultation,personal_visit
c_912,Tinea cruris,Jock itch,both,['Dermatology'],rare,acute_potentially_chronic,mild,consultation,personal_visit
c_857,Tinea pedis,Athlete's foot,both,['Dermatology'],common,chronic,mild,self_care,personal_visit
c_786,Tinea versicolor,Tinea versicolor,both,['Dermatology'],moderate,chronic_with_exacerbations,mild,consultation,video_teleconsultation
c_1045,Toe contusion,Toe contusion,both,['Traumatology'],very_rare,acute,mild,self_care,video_teleconsultation
c_1032,Toe dislocation,Toe dislocation,both,['Traumatology'],very_rare,acute,moderate,consultation,personal_visit
c_1062,Toe fracture,Broken toe,both,['Traumatology'],very_rare,acute,moderate,consultation_24,personal_visit
c_436,Toxocariasis,Toxocariasis,both,['Infectiology'],very_rare,chronic_with_exacerbations,moderate,consultation,personal_visit
c_729,Toxoplasmosis,Toxoplasmosis,both,['Infectiology'],rare,acute_potentially_chronic,moderate,consultation_24,personal_visit
c_378,Transient ischemic attack,Transient ischemic attack,both,['Neurology'],very_rare,acute,moderate,emergency,personal_visit
c_433,Trichinosis,Trichinosis,both,['Infectiology'],very_rare,chronic,moderate,consultation_24,personal_visit
c_103,Trichomoniasis,Trichomoniasis,both,['Venereology'],rare,acute,mild,consultation,personal_visit
c_438,Trichuriasis,Whipworm infection,both,['Infectiology'],rare,chronic_with_exacerbations,mild,consultation,personal_visit
c_150,Trigeminal neuralgia,Trigeminal neuralgia,both,['Neurology'],very_rare,chronic_with_exacerbations,mild,consultation,personal_visit
c_1229,Trigeminal neuropathy,Trigeminal nerve damage,both,['Neurology'],very_rare,chronic,mild,consultation,personal_visit
c_548,Trochlear nerve palsy,Trochlear nerve palsy,both,['Ophthalmology'],very_rare,chronic,mild,consultation,personal_visit
c_1052,"Trunk injury, unspecified location",Trunk injury of unspecified location,both,['Traumatology'],very_rare,acute,mild,consultation,personal_visit
c_236,Tularemia,Tularemia,both,['Infectiology'],very_rare,acute,severe,consultation,personal_visit
c_330,Tumor lysis syndrome,Tumor lysis syndrome,both,['Oncology'],very_rare,acute_potentially_chronic,severe,emergency,personal_visit
c_202,Type 1 Neurofibromatosis,Type 1 Neurofibromatosis,both,['Neurology'],very_rare,chronic,mild,consultation,video_teleconsultation
c_574,Type 2 Neurofibromatosis,Type 2 Neurofibromatosis,both,['Neurology'],very_rare,chronic,mild,consultation,personal_visit
c_234,Typhoid fever,Typhoid fever,both,['Infectiology'],very_rare,acute,severe,consultation_24,personal_visit
c_238,Typhus,Typhus,both,['Infectiology'],very_rare,acute,severe,consultation_24,personal_visit
c_23,Ulcerative colitis,Colitis ulcerosa,both,['Gastroenterology'],very_rare,chronic_with_exacerbations,severe,consultation,personal_visit
c_1209,Ulcerative colitis exacerbation,Ulcerative colitis flare-up,both,['Gastroenterology'],very_rare,acute_potentially_chronic,severe,consultation,personal_visit
c_946,Ulnar nerve syndrome,Ulnar nerve syndrome,both,['Orthopedics'],very_rare,chronic_with_exacerbations,moderate,consultation,personal_visit
c_664,Unstable angina pectoris,Unstable angina pectoris,both,['Cardiology'],very_rare,chronic_with_exacerbations,severe,emergency,personal_visit
c_1127,Unstable bradyarrhytmia,Severe arrhythmia with slow heart rate,both,['Cardiology'],very_rare,acute,severe,emergency_ambulance,personal_visit
c_1103,Unstable tachyarrhytmia,Severe arrhythmia with fast heart rate,both,['Cardiology'],rare,acute,severe,emergency_ambulance,personal_visit
c_1036,"Upper limb injury, unspecified location",Upper limb injury of unspecified location,both,['Traumatology'],very_rare,acute,moderate,consultation,personal_visit
c_292,Urethritis,Urethritis,both,['Urology'],rare,acute,mild,consultation_24,personal_visit
c_54,Urge urinary incontinence,Urge incontinence,both,['Urology'],very_rare,chronic_with_exacerbations,mild,self_care,personal_visit
c_47,Uterine fibroids,Uterine fibroids,female,['Gynecology'],very_rare,chronic,mild,consultation,personal_visit
c_216,Uveitis,Uveitis,both,['Ophthalmology'],rare,acute_potentially_chronic,moderate,consultation_24,personal_visit
c_480,VIPoma,VIPoma,both,['Endocrinology'],very_rare,chronic_with_exacerbations,moderate,consultation,personal_visit
c_554,Vagus nerve palsy,Vagus nerve palsy,both,['Neurology'],very_rare,chronic,moderate,consultation,personal_visit
c_767,Varicocele,Varicocele,male,['Urology'],moderate,chronic,mild,consultation,personal_visit
c_684,Varicose veins of lower extremities,Varicose veins of lower extremities,both,['Surgery'],rare,chronic,mild,self_care,video_teleconsultation
c_391,Vascular hemorrhagic diathesis,Vascular hemorrhagic diathesis,both,['Hematology'],very_rare,acute_potentially_chronic,moderate,consultation,personal_visit
c_316,Vasculitis,Vasculitis,both,['Rheumatology'],rare,chronic_with_exacerbations,moderate,consultation,personal_visit
c_384,Vertebrobasilar insufficiency,Vertebrobasilar insufficiency,both,['Neurology'],very_rare,chronic_with_exacerbations,severe,consultation_24,personal_visit
c_599,Vestibular neuronitis,Vestibular neuronitis,both,['Otorhinolaryngology'],very_rare,acute,moderate,consultation_24,personal_visit
c_470,Vestibulocochlear nerve damage,Vestibulocochlear nerve damage,both,['Neurology'],very_rare,chronic,moderate,consultation_24,personal_visit
c_1076,Viral gastroenteritis,Viral gastroenteritis,both,['Gastroenterology'],common,acute,moderate,self_care,audio_teleconsultation
c_562,Viral meningitis,Viral meningitis,both,['Infectiology'],very_rare,acute,severe,emergency,personal_visit
c_214,Visceral leishmaniasis,Visceral leishmaniasis,both,['Infectiology'],very_rare,chronic_with_exacerbations,severe,emergency,personal_visit
c_1073,"Visual disturbance, unspecified",Sight defect,both,['Ophthalmology'],common,chronic,mild,self_care,video_teleconsultation
c_61,Vitamin B12 deficiency anemia,Vitamin B12 deficiency anemia,both,['Hematology'],very_rare,chronic_with_exacerbations,moderate,consultation,audio_teleconsultation
c_743,Vitiligo,Vitiligo,both,['Dermatology'],rare,chronic,mild,consultation,personal_visit
c_966,"Vomiting, unspecified",Unspecific vomiting,both,['Internal Medicine'],common,acute,mild,self_care,text_teleconsultation
c_388,Von Willebrand disease,Von Willebrand disease,both,['Hematology'],very_rare,chronic,mild,consultation,personal_visit
c_732,Vulvovaginal candidiasis,Vaginal thrush,female,['Gynecology'],moderate,acute_potentially_chronic,mild,consultation,personal_visit
c_13,Warts,Warts,both,['Dermatology'],common,acute_potentially_chronic,mild,self_care,video_teleconsultation
c_376,Wernicke's encephalopathy,Wernicke's encephalopathy,both,['Neurology'],very_rare,chronic,moderate,consultation,personal_visit
c_580,West Nile Virus infection,West Nile Virus infection,both,['Infectiology'],very_rare,acute,severe,emergency,personal_visit
c_569,Whitlow,Whitlow,both,['Surgery'],moderate,acute,severe,consultation,personal_visit
c_205,Wilson's disease,Wilson's disease,both,['Gastroenterology'],very_rare,chronic_with_exacerbations,moderate,consultation,audio_teleconsultation
c_268,Wiskott-Aldrich syndrome,Wiskott-Aldrich syndrome,both,['Hematology'],very_rare,chronic_with_exacerbations,moderate,consultation,personal_visit
c_1193,Wound dehiscence,Wound separation,both,['Surgery'],very_rare,acute,moderate,consultation_24,personal_visit
c_1192,Wound infection,Infected wound,both,['Surgery'],very_rare,acute,moderate,consultation_24,personal_visit
c_1043,Wrist and hand contusion,Wrist and hand contusion,both,['Traumatology'],very_rare,acute,mild,self_care,video_teleconsultation
c_1027,Wrist dislocation,Dislocated wrist,both,['Traumatology'],very_rare,acute,moderate,consultation,personal_visit
c_244,Yellow fever,Yellow fever,both,['Infectiology'],very_rare,acute,severe,emergency,personal_visit
c_906,Zika virus infection,Zika virus infection,both,['Infectiology'],very_rare,acute,mild,consultation,audio_teleconsultation
c_213,Zollinger-Ellison syndrome,Zollinger-Ellison syndrome,both,['Gastroenterology'],very_rare,chronic_with_exacerbations,moderate,consultation,personal_visit
