Conditions,                                              SYMPTOMS.       ,,,,,,,,,,,,,,,,,,,drug class,BRAND NAME,api strength unit - mg or ml or ,API - 1,API-1 Strength,API - 2 ,API-2 Strength,API - 3,API-3 Strength,FORM,                     BEFORE MEAL,,,                            AFTER MEAL,,,DOSAGE,                     DAYS,,NO. OF DAYS,QUANTITY OF MEDICINE,,REFER THE PATIENT TO A SPECIALIST,,             IS FOLLOW UP REQUIRED,,,     DATE OF FOLLOW UP,,    INSTRUCTIONS FOR APPLICATION,,,                                                                      CLINICAL ADVICE,,,,,,,,,,,,,,,,,
,sym 1,sym 2,sym 3,sym 4,Sym 5,Sym 6,Sym 7,Sym 8,Test 1,Test 2,Test 3,Test 4,,,,,,,,,,,,,,,,,,BREAKFAST,LUNCH,DINNER,BREAKFAST,LUNCH,DINNER,,EVERYDAY,SELECT DAYS,,,,,,,,,,,,,,note 1,note 2,note 3,note 4,,,,,,,,,,Doctor's Name,,Link for the image,,
Common Cold,sneezing,"Fever (although most people with colds do not have fever)
",Pain in the muscles,watery eyes,itchy/watery nose,throat itching,,,Full body checkup,Blood Test,,,,,,,,,,"Antihistamine, decongestant and analgesic",Cheston Cold,mg,Cetrizine dihydrochloride,200,Phenylephrine Hydrochloride,300,Paracetamol,250,Pill,0,0,0,1,1,1,3,,,7,21,,,,,No,,,,,,,At least a gap of 4-6 hours should be there between the two doses,exercise for 30 minutes daily,"rest
",,,,,,,,,,,,,https://www.1mg.com/drugs/cheston-cold-tablet-63785,,
Athlete's Foot,"scaly rash that usually causes itching, stinging and burning","Moist, raw skin between the toes","Inflamed skin that might appear reddish, purplish or grayish, depending on your skin color.",,,,,,Skin lesion Potassium Hydroxide exam,,,,,,,,,,,Antifungal,Lamisil,mg,Terbinafine Hydrochloride,10,,,,,cream,,,,,,,,Yes,,7-14,,,,,,Yes,,,,,,,"Use it regularly(1-2 weeks),Once all signs of your infection have gone, continue to use it for a further two or three days to prevent the infection from coming back.",Wash your feet everyday and dry them,Choose footwear that can help your feet stay dry,,,,,,,,,,,,,https://www.rxlist.com/lamisil-drug.htm,,
Chicken pox,Raised pink/red bumps (papules)which burst out several days,"Fever,","Skin: blister, scab, ulcers, or red spots","Loss of appetite,",Headache,Tiredness,,,blood tests or a culture of lesion samples.,,,,,,,,,,,Anti - Viral,Zovirax,mg,Acylocir,400,,,,,Pill,,,,1,1,1,3,,,7-8,,,,,,No,,,,,,,The dosage should be reduced in patients with impaired renal function.,,,,,,,,,,,,,,,https://www.rxlist.com/zovirax-drug.htm,,
Arthritis,"Pain areas: in the joints, ankle, back, fingers, hands,",Hand: bump on the finger or bony outgrowth in fingers,"Also common: flare, redness","physical deformity, stiff neck",,,,,X-ray,Arthroscopy,Ultrasound,,,,,,,,,anti-inflammatory,Orencia,mg,Abatacept,125,,,,,Injection,0,0,0,0,1,0,1,No,Monday,30-60,as prescribed by physician,,,No,,Yes,,,,,,,Self-care,Exercises can improve range of motion and strengthen the muscles surrounding joints,,,,,,,,,,,,,,https://www.rxlist.com/orencia-drug.htm,,
Influenza,"fever, chills",dehydration,"flushing, body ache, or sweating
",loss of appetite,muscle aches,"cough, congestion, runny nose",headache,fatigue,Viral culture tests,reverse transcription polymerase chain reaction (RT-PCR),,,,,,,,,,Anti influenza drugs, Relenza®,mg,zanamivir,4,lactose monohydrate,20 mg,,,Powder,0,0,0,1,0,1,2,Yes,,as prescribed by doctor,,4,,No,,No,,,,,,,Two doses should be taken on the first day of treatment whenever possible provided there is at least 2 hours between doses.,,,,,"On subsequent days, doses should be about 12 hours apart (e.g., morning and evening) at approximately the same time each day.",,,,,,,,,,https://www.rxlist.com/relenza-drug.htm,,
Vitiligo ,"Premature whitening or graying of the hair on scalp, eyelashes, eyebrows, beard",Patchy loss of skin color,Loss of color in the tissues that line the inside of your mouth and nose (mucous membranes),,,,,,Antinucleur antibody (ANA) test,Complete blood count (CBC),Skin biopsy,,,,,,,,,"Anti-inflammatory, Immunomodulating Calcineurin inhibitor",Protopic; Elidel,mg,Tacrolimus,1,Pimecrolimus,10,,,Ointment; cream,,,,,,,,,,6-12 weeks,,,,,,Yes,,,,,,,Apply topically to affected areas twice a day,Expose to natural sunlight for 15 to 30 minutes ,apply sunscreen with an SPF of at least 30,,,,,,,,,,,,,https://www.webmd.com/drugs/2/drug-22383/elidel-topical/details,,
COPD,"shortness of breath,wheezing,chest tightness,a chronic cough that produce sputum,frequent respiratory infections",,Blueness of the lips or fingernail beds (cyanosis),,,,,,"lung function test,chest xray,CT scan,Arterial blood gas analysis",,,,,,,,,,,bronchodialator,Asthalin respules,mg,Salbutamol,2.5,,,,,Inhaler,1,,,,,,4,Yes,,as prescribed by physician,,,,Yes,,Yes,,,,,,,"Avoid smoking completely,Do some breathing exercises,wear a mask for protection",,,,,,,,,,,,,Dr. Sakshi Sharma,,https://www.google.com/amp/s/www.1mg.com/drugs/asthalin-respules-341377/amp,,
Aspergillosis (Invasive),Runny nose,Shortness of breath,"Skin lesions
",Chest pain,Coughing up blood,joint pain,,,Chest x-ray,CT scan of lungs or any other infected part/organ,Tissue biopsy followed with analyzing under microscope or fungal culture,Blood test,,,,,,,,Azole Anti-fungal,VFEND,mg,Voriconazole,200,,,,,Pill,0,0,0,1,0,1,200mg BD,Yes,,As prescribed by the physician,As prescribed by the physician,,,Yes,,Yes,,,,,,,Twice a day 1 hour before or after the meal,Contraindicated in pregnancy.,Check patient medication history if they are allergic to azoles.,Do not discontinue the treatment regimen if you see any signs of improvement.,,,,,,,,,,,,https://www.rxlist.com/vfend-drug.htm,,
COVID-19,High fever ,"Tiredness, fatigue","cough, chest pain", irritation in eyes,bodyache,diarrhoea,sore throat,headache,Molecular RT PCR Test,Covid 19 antigen test,Covid 19 antibody test,,,,,,,,,Antiviral,Intron A rebetol combination ,mg,Ribavirin ,200mg,Ascorbic acid,50mg,Interferon alfa 2b,0.5 ml,Pill,1,0,0,1,0,1,2,Yes,,10 days,,,,Yes,,Yes,,,,,,,Steam inhalation,Plenty of fluids,Home isolation 2 weeks,Institutional quarantine or admit if severe symptoms,,,,,,,,,,Dr. Shreya Gupta ,,https://www.rxlist.com/intron-a-rebetol-drug.htm,,
Acne,pimples,redness,tenderness,blackhead,,,,,visual inspection by healthcare professionals,,,,,,,,,,,antiacne antibiotic,Deriva bpo gel,mg,Adapalene ,0.1%w/w,Benzoyl peroxide ,2.5%w/w,,,Other forms,1,,,,1,1,3-4,Yes,,30,Thrice a day ,,,No,,Yes,,,,,,,It may take 6-8 weeks for results to be visible. ,Avoid oil based makeup and hair products. ,,,,,,,,,,,,Dr. Madhav reddy,,https://drive.google.com/file/d/1KbGlmGPBp1L4TPaEGnM_0Jd0yliic5gq/view?usp=drivesdk,https://drive.google.com/file/d/1KbGlmGPBp1L4TPaEGnM_0Jd0yliic5gq/view?usp=drivesdk,
Acute sinusitis,headache,facial pain,runny nose,nasal congestion,,,,,Nasal endoscopy,Imaging studies,Nasal and sinus samples,Allergy testing,,,,,,,,Decongestants,Sudafed,mg,Pseudoephedrine HCl,30,,,,,Pill,0,0,0,0,0,1,1,Yes,,as prescribed,Once a day ,,,Yes,,No,,,,,,,Antibiotics should be chosen in accordance with the stage and symptoms. ,,,,,,,,,,,,,,,https://drive.google.com/file/d/1KjKzcIFUtlXLxN2VLTZ8hjRuaL9Q-vB6/view?usp=drivesdk,,
Allergies,hives or rashes,fever,watery eyes,wheezing,,,,,Skin test,Blood test,,,,,,,,,,antihistamines,Allegra-m,mg,fexofenadine hydrochloride,120,montelukast,10,,,Pill,1,0,0,0,0,0,1,No,,as prescribed by physician,50,,,Yes,,No,,,,,,,not for childrens under age12/above65,use an air purifier ,try avoiding dust,more hydration,,,,,,,,,,,,https://drive.google.com/file/d/1Kkx9hnG9bIAJDGmBIUe7inIAXJRRM2vp/view?usp=drivesdk,,
Alzheimer's and other Dementias,inability to create new memories,mental decline,difficulty thinking and understanding,forgetfulness,,,,,Physical and neurological exam,Brain imaging,,,,,,,,,,Cholinesterase inhibitors,Aricept,mg,donepezil hydrochloride,5,,,,,Pill,0,0,0,0,0,1,1,Yes,,4-6 weeks,30,,,Yes,,Yes,,,,,administer before bed ,,dosage changes after 4-6weeks,doctor may advise Aducanuamb administration,provide choices and involve the person more,,limit napping and maintain a routine,,,,,,,,,,,https://drive.google.com/file/d/1KrSvQTdwQX7DDTThLyGRMrjmBSztKVsn/view?usp=drivesdk,,
Iron deficiency Anaemia,dizziness,fast heart rate or palpitations,pallor,cold hands and feet,light-headedness,fatigue,,,Complete blood count (CBC),Ferritin levels test,,,,,,,,,,nutritional supplements,livogen z,mg,ferrous fumarate,152mg,folic acid,750mcg,zinc sulfate,61.8mg,Pill,0,0,0,0,0,1,1,Yes,,as prescribed by physician,15,,,No,,No,,,,consult during pregnancy/breastfeeding,,do not take it with antacids,"fortified cereals,wheats,oats","food high in vitaminc like citrus fruits,dark greeny vegetables",,,,,,,,,,,,,,https://drive.google.com/file/d/1Kto9GUMRskCOnFyjkB9auN2he6V1YIgc/view?usp=drivesdk,,
Celiac disease,"Abdominal pain,","pale stool with a foul smell,",mouth sores,,,,,,Physical examination,Blood test,"Genetic test,biopsies of small intestine",serology testing,,,,,,,,"Antibiotics (Diaminodiphenyl sulfone),Vitamin and mineral supplements",Folivane,mcg,dietary supplements,1000,multivitamins,,,,tablets,,,,,1,,1,yes,,as prescribed,as prescribed,,yes,,yes,,,,,,,,take gluten free and healthy diet.,,,,,,,,,,,,,,,https://www.rxlist.com/folivane-drug.htm,,
Celiac disease,,,,,,,,,,,,,,,,,,,,,,,,,,,,,,,,,,,,,,,,,,,,,,,,,,,,,,,,,,,,,,,,,,,,,
Celiac disease,,,,,,,,,,,,,,,,,,,,,,,,,,,,,,,,,,,,,,,,,,,,,,,,,,,,,,,,,,,,,,,,,,,,,
bubonic plague,pain in abdomen,cough with blood,diarrhoea ,"fever ,  ",,,,,"To diagnose bubonic plague, your doctor will send a sample of your blood or lymph nodes to a lab for testing. According to the Centers for Disease Control and Prevention (CDC), preliminary results may be available in two hours, and official confirmation takes 24 to 48 hours.right up arrow",,,,,,,,,,,antibiotics,"Garamycin (gentamicin), Levaquin (levofloxacin),Cipro (Ciprofloxacin),Vibramycin (doxycycline),Vigamox (moxifloxacin),Chloramphenicol",mg,,,,,,,tablet,,,,,,,,,,as prescribed by doctor,,,,,,yes,,,,,,,"Rodent-proof your home. Get rid of areas where rodents may nest, such as piles of brush and firewood. Avoid leaving food where rodents can access it.
Wear gloves. If you must handle a potentially infected animal, wear gloves to prevent contact between your skin and the bacteria.
Use insect repellent. DEET-containing products can protect you from rodent fleas when you’re hiking, camping, or working outdoors.
Keep pets flea-free. Apply flea-control products to your pets regularly.",,,,,,,,,,,,,,,https://www.rxlist.com/fdb/drugs/6809/garamycin-brand.htm,,
bacterial food poisoning ,abdominal pain ,nausea ,watery ,fever,vomiting,,,,stool test,blood test,,,,,,,,,,"Antibiotics- loperamide, bismuth subsalicylate","Imodium , Pepto bismol",,,,,,,,,,,,,,,,,,,,,,,,,,,,,,,,,,,,,,,,,,,,,,https://www.rxlist.com/imodium-drug.htm,,
bipolar disorder ,mood swings,delusion,depression,weight gain ,anger,anxiety,,,Psychiatric assessment,mood charting,,,,,,,,,,"Antipsychotics, Antidepressants, Anti-anxiety medications","(Zyprexa), (Risperdal), (Seroquel)",mg,,,,,,,,,,,,,,,,,,,,,,,,,,,,,,,,,,,,,,,,,,,,,https://www.rxlist.com/seroquel-drug.htm,,
dysentery ,pain in abdomen,blood in stools,dehydration,cramping,,,,,stool culture test,,,,,,,,,,,bismuth subsalicylate,"(Imodium), (Lomotil)",mg,,,,,,,,,,,,,,,,,,,,,,,,,,,,,,,,,,,,,,,,,,,,,"https://www.rxlist.com/lomotil-drug.htm#:~:text=Lomotil%20is%20a%20prescription%20medicine,than%202%20years%20of%20age.",,
Chlamydia,pain in eye/muscles/lower abdomen/testicles/vagina,abnormal vaginal discharge ,vaginal bleeding ,eye discharge,,,,,Urine test,Swab test,,,,,,,,,,Antibiotics,,,,,,,,,,,,,,,,,,,,,,,,,,,,,,,,,,,,,,,,,,,,,,,,,
Cholera,pain in abdomen ,nausea ,dehydration ,water electrolyte imbalance,,,,,Testing stool sample,Cholera rapid test dipstick,,,,,,,,,,Oral rehydration therapy / Antibiotics,,,,,,,,,,,,,,,,,,,,,,,,,,,,,,,,,,,,,,,,,,,,,,,,,
Chickenpox ,blisters / red spots,fatigue,loss of appetite ,headache,,,,,Rash Examination,Blood culture,Viral culture,,,,,,,,,Anti-histamines / Analgesic,,,,,,,,,,,,,,,,,,,,,,,,,,,,,,,,,,,,,,,,,,,,,,,,,
Tetanus,muscle spasms,fever,episodes of no breathing ,lockjaw,cramping,stiff muscles,,,Serum Toxin Test,lumbar puncture,Electromyography,Electroencephalography,,,,,,,,Antibiotics,,,,,,,,,,,,,,,,,,,,,,,,,,,,,,,,,,,,,,,,,,,,,,,,,
Typhoid fever,pain in abdomen,diarrhoea,fever,muscle weakness,rashes with red spots,,,,Widal test,urine test,blood test,stool test,,,,,,,,Antibiotics,,,,,,,,,,,,,,,,,,,,,,,,,,,,,,,,,,,,,,,,,,,,,,,,,
Tuberculosis ,pain in chest,cough with blood,fatigue,loss of muscle,shortness of breath,pain with breathing or coughing,,,Blood test,Sputum test,Imaging test,ELISA tuberculin test,,,,,,,,Anti-tuberculosis,Combutol,mg,Ethambutol hydrochloride,800,,,,,Pills,0,0,0,0,1,0,15-25 mg/kg,Yes,,,,,,Yes,,Yes,,10 days with prior appointment,,"Do not chew, break the tablet. Swallow the whole tablet.",,,"Contraindicated with optic neuritis, inflammtion precaution with people with kidney gout problems, not given in children below 13 years",Rare syndrome like peripheral neuritis may occur and do let your doctor knw about this.,,,,decrease in wbc count,,,,,,,,Dr. M. Kawedia,,https://drive.google.com/file/d/1eYW0z4KAHlmtAcJdvFu0AvR_jpRVVP32/view?usp=sharing,,
Tuberculosis ,pain in chest,cough with blood,fatigue,loss of muscle,shortness of breath,pain with breathing or coughing,,,Blood test,Sputum test,Imaging test,ELISA tuberculin test,,,,,,,,anti tuberculosis,Solonex,mg,Isoniazid,300,,,,,Pills,1,0,0,0,0,0,5mg/kg,Yes,,,,,,Yes,,Yes,,10 days with prior appointment,,"Do not chew, break the tablet. Swallow the whole tablet.",,,Medicine to be taken empty stomach caution with pregnant breast feeding diabetes nerve problems,"Lethargy, rashes, fever, acne and arthralgia like side effects may occur. Let your doctor know about it if you face any.","caution with HIV, kidney problems, avoid alcohol consumption, avoid consuming tyramine containing food",,,,,,,,,,,Dr. M. Kawedia,,https://drive.google.com/file/d/1eYW0z4KAHlmtAcJdvFu0AvR_jpRVVP32/view?usp=sharing,,
Tuberculosis ,pain in chest,cough with blood,fatigue,loss of muscle,shortness of breath,pain with breathing or coughing,,,Blood test,Sputum test,Imaging test,ELISA tuberculin test,,,,,,,,anti tuberculosis,R-cin,mg,Rifampicin,600,,,,,Pills,1,0,0,0,0,0,10 mg/kg,Yes,,,,,,Yes,,Yes,,,,"Do not chew, break the tablet. Swallow the whole tablet. Medicine to be taken 30 mins before meal or 2hrs after meal duration and dose according to the prescription and take at one time everyday for maximum effect and do not stop taking medicine until doctor consults",,,"Drug interacts with aprepitant, atazanvir, eszopiclone, Indinavir and can be life threatening","Immediately consult the doctor if any type of adverse effects are observed like cutaneous syndrome, flu syndrome, abdominal syndrome, etc.",,,,,,,,,,,,,,,,
Tuberculosis ,pain in chest,cough with blood,fatigue,loss of muscle,shortness of breath,pain with breathing or coughing,,,Blood test,Sputum test,Imaging test,ELISA tuberculin test,,,,,,,,anti tuberculosis,Pyzina,mg,Pyrazinamide,750,,,,,Pills,0,0,0,1,0,1,15-30 mg/kg,Yes,,,,,,Yes,,Yes,,10 days with prior appointment,,"Do not chew, break the tablet. Swallow the whole tablet.","Taken with or without food. However, follow the prescription prescribed by the doctor.",,"Caution with kidney and liver problems, avoid drinking alcohol or driving and caution with pregnant and breast feeding woman, drug interacts with allopurinol",Repeated blood glucose monitoring required in diabetic patients.,,,,,,,,,,,,Dr. M. Kawedia,,https://drive.google.com/file/d/1eYW0z4KAHlmtAcJdvFu0AvR_jpRVVP32/view?usp=sharing,,
Hypertension ,sweating ,high blood pressure ,irregular heart rhythms,angina pectoris,,,,,Ambulatory monitoring,Electrocardiogram,Echocardiogram,,,,,,,,,Anti-hypertensives,Amlokind-AT,mg,Amlodipine,5,Atenolol,50,,,Pills,1,0,0,0,0,0,"1 tablet everyday with or without food. However, follow the prescription given by the doctor.",Yes,,1 month,,,,Yes,,Yes,,,,Take Amlokind-AT as a whole with a sufficient amount of water with or without food.,Try to take this medicine at the same time every day for better blood pressure control.,,"Avoid consumption of alcohol when under the treatment with Amlokind-AT as it may cause headache, dizziness and changes in heartrate.",Amlokind-At (5/50 mg) Tablet  is not recommended for use in breastfeeding women as it can be passed into breast milk in small amounts which may harm your baby.,"Amlokind-AT shows moderate to severe drug interaction with Alprazolam, Carbamazepine, Itraconazole, Corticosteroids, Rifampicin","Grapefruit, apple and orange juice should be avoided for at least 4 hours of taking this medicine. It can affect the absorption of this medicine.",Let the doctor know if you face any side effects of the drug.,,,,,,,,,Dr. Ulhas S. Bharad,,https://drive.google.com/file/d/1_ihuWKalxtN9dgqHDvlf6NtlMC1El4XS/view?usp=sharing,,
Angina pectoris,pain in chest,heartburn,sweating,anxiety,,,,,Electrocardiogram,Stress test,Coronary CT scan,,,,,,,,,Anti-angina,Amlokind-AT,mg,Amlodipine,5,Atenolol,50,,,Pills,1,0,0,0,0,0,"1 tablet everyday with or without food. However, follow the prescription given by the doctor.",Yes,,,,,,Yes,,Yes,,,,Take Amlokind-AT as a whole with a sufficient amount of water with or without food.,Try to take this medicine at the same time every day for better blood pressure control.,,"Avoid consumption of alcohol when under the treatment with Amlokind-AT as it may cause headache, dizziness and changes in heartrate.",Amlokind-At (5/50 mg) Tablet  is not recommended for use in breastfeeding women as it can be passed into breast milk in small amounts which may harm your baby.,"Amlokind-AT shows moderate to severe drug interaction with Alprazolam, Carbamazepine, Itraconazole, Corticosteroids, Rifampicin","Grapefruit, apple and orange juice should be avoided for at least 4 hours of taking this medicine. It can affect the absorption of this medicine.",Let the doctor know if you face any side effects of the drug.,,,,,,,,,Dr. Ulhas S. Bharad,,https://drive.google.com/file/d/1_ihuWKalxtN9dgqHDvlf6NtlMC1El4XS/view?usp=sharing,,
Non-Bacterial lung infection ,dry cough,occasionally shortness of breath (dyspnea),coughing up of blood (hemoptysis),persistent cough,weight loss,night sweats,,,Chest X-ray ,Blood culture / Sputum culture test,Bronchoscopy ,Direct / Indirect Immunofluorescent antibody tests,,,,,,,,"Antivirals, Antifungals ",,,,,,,,,,,,,,,,,,,,,,,,,,,,,,,,,,,,,,,,,,,,,,,,,
Nose infection,mucus drip through the throat,pain in the areas of face /sinuses /forehead,distorted sense of smell,mouth breathing,insomnia,inflammation ear,,,Physical examination,Tissue culture test,Endoscopy,,,,,,,,,"Decongestants, Antibiotics, Antihistamines, Steroids, Analgesics",,,,,,,,,,,,,,,,,,,,,,,,,,,,,,,,,,,,,,,,,,,,,,,,,
Obesity ,pain in the back / joints,feeling of shortness of breath,infection / rashes in the skin folds,,,,,,Waist circumference measure ,CT-Scan/MRI/ECG,Liver function tests,Thyroid profile test,,,,,,,,Antihyperlipid,,,,,,,,,,,,,,,,,,,,,,,,,,,,,,,,,,,,,,,,,,,,,,,,,
Occupational injury ,handling heavy loads, aches and pains,Occupational Asthma,Occupational dermatitis,,,,,"Functional testing, CT-Scan, MRI, ",,,,,,,,,,,Analgesics,,,,,,,,,,,,,,,,,,,,,,,,,,,,,,,,,,,,,,,,,,,,,,,,,
Open pores ,enlarged pores more prominent on nose,pores may become clogged,blackheads,,,,,,Physical examination,,,,,,,,,,,"Facial steaming, Facial masks, Exfoliation - Retinoids, Alpha hydroxy acids, Salicylic acid ",,,,,,,,,,,,,,,,,,,,,,,,,,,,,,,,,,,,,,,,,,,,,,,,,
Palmoplantar psoriasis,palm and soles partially,redness and scaling,social anxiety ,bleeding when scratched or abraded ,,,,,Physical examination and history ,"C-reactive protein test, Uric acid levels, ","Palmoplantar Pustulosis Psoriasis Area Area and Severity Index, Palmoplantar Psoriasis Area Severity Index scale ",Skin biopsy,,,,,,,,"Topical corticosteroids, Emollient moisturizers, Anti-itch creams,  Vitamin-D derivatives ",,,,,,,,,,,,,,,,,,,,,,,,,,,,,,,,,,,,,,,,,,,,,,,,,
PCOD ,increased androgen levels,Hair loss or excessive thinning of hair,skin darkening in the neck,headache ,,,,,Pelvic examination ,"Lutenising hormone test, Follicle stimulating hormone test,  Serum prolactin test, Free and Total testosterone test ",Ultrasound ,,,,,,,,,"Combinatorial Birth control pills, Progestin therapy",Clofert,mg,clomefene citrate,50 mg,,,,,tablets,,,,,,,,,selected days,5 days of the month,50 mg,,yes,,yes,,,,,,,,Take the tablets exactly as your doctor tells you to.,,,,,,,,,,,,,Dr. Rama Joshi,,https://patient.info/medicine/clomifene-tablets-clomid,,
Pediatric Diarrhoea ,abdominal  cramps,stomach upset,passing little urine,fast often shallow breathing,,,,,Stool examination ,"Blood test, Imaging tests, Allergy testing",Sigmoidoscopy ,,,,,,,,,"Electrolyte solutions, Analgesics ",,,,,,,,,,,,,,,,,,,,,,,,,,,,,,,,,,,,,,,,,,,,,,,,,
Pediatric Eating Disorder ,unexplained weight loss,lack of weight gain or growth in growing child,restricting food intake,going to bathroom immediately after meals ,,,,,"Complete medical history and physical examination, Diet history",Blood tests ,,,,,,,,,,"Psychotropic drugs, SSRIs",,,Fluvoxamine,50mg,,,,,,,,,,,,,,,,,,,,,,,,,,,,,,,,,,,,,,,,,,,,,
Pediatric Nausea and Vomiting ,abdominal bloating or swelling,abdominal pain,discomfort or cramps,dizziness,,,,,Physical examination ,Abdominal and CNS imaging studies ,"Blood test, Urine test ",,,,,,,,,Antiemetics,,,Ondensetron,20mg,,,,,,,,,,,,,,,,,,,,,,,,,,,,,,,,,,,,,,,,,,,,,
Uterine fibroids,Symptoms include heavy menstrual bleeding,prolonged periods and pelvic pain,Pain in the abdomen,.,,,,,Sonography,Hysterosonography,Laparoscopy,,,,,,,,,GnRH agonists,Lupron Depot,mg,Leuprolide acetate,22.5mg,,,,,injection,,,,,,,,,selected days,1 injection every 3 months,45mg,,Gynecologist,,,,,,,,,,,,,,,,,,,,,,,,,,,
Polycystic ovarian syndrome (PCOS) ,Symptoms include menstrual irregularity,overweight,abnormal menstruation,absence of menstruation,,,,,Thyroid function test,Serum hCG level,Free androgen index,Cosyntropin stimulation test.,,,,,,,,GnRH agonists,Gynoveda,mg,Shatavari,15mg,Shilajit,10mg,Kanchnar,16mg,tablets,,,,2,,2,,everyday,,3 months,,,gynecologist,,yes,,,,,take pills with warm water ,,,Take the tablets exactly as your doctor tells you to.	,,,,,,,,,,,,,Dr. Sindhuri Pandit,,https://www.mayoclinic.org/diseases-conditions/pcos/diagnosis-treatment/drc-20353443,,
Vaginitis,Unusual vaginal discharge,Itching ,Painful urination,Pain during sexual intercourse,Pain in the vagina,Irritation,,,Wet mount,Whiff test,Molecule test,,,,,,,,,Nitroimidazoles,Flagyl,mg,metronidazole,250mg,,,,,tablets,,,,1,,,single dose of 2 grams,everyday,,5-10 days,750mg ,,gynecologist,,yes,,,,,,,,Swallow the tablets whole with a drink of water.,Do not crush or chew the tablets.Take these tablets during or just after a meal.,,,,,,,,,,,,,,https://www.mayoclinic.org/diseases-conditions/vaginitis/diagnosis-treatment/drc-20354713,,
Ovarian cysts,Back pain,Pelvic pain,Pain during sexual intercourse,Abnormal or painful menstruation,Cramping,Excessive hairiness,,,Pregnancy test,Pelvic ultrasound,Laparoscopy,CA 125 blood test,,,,,,,,NSAIDs,Aviane,mg,levonorgestrel & ethinyl estradiol,0.10mg/0.02mg,,,,,tablets,,,,,,,,everyday,,,,,gynecologist,,,,,,,,,,,,,,,,,,,,,,,,,https://my.clevelandclinic.org/health/diseases/9133-ovarian-cysts,,
Dysmenorrhea,Cramping in lower abdomen,Lower abdominal pain,Nausea,,,,,,abdominal or transvaginal ultrasonography,hysterosalpingography,hysteroscopy,,,,,,,,,NSAIDs,Tendocel,mg,rose hip extract,500mg,Sodium hyaluronate,30mg,chondroitin sulphate,200mg,tablets,,,,,,,,everyday,,,1-2 tablets,,gynecologist,,,,,,,,,,Place a heating pad or hot water bottle on your lower back or abdomen.,,Avoid foods that contain caffeine,,Avoid smoking and drinking alcohol.,,Massage your lower back and abdomen.,,,,,,,,,https://my.clevelandclinic.org/health/diseases/4148-dysmenorrhea,,
Pre Menstrual Syndrome,Abdominal bloating,Abdominal pain,Breast soreness,,,,,,documentation of signs and symptoms,,,,,,,,,,,Nonsteroidal anti-inflammatory drugs,,mg,Acetaminophen,500,Pyrilamine maleate ,15,,,Tablet,,,,1,1,,1,,Menstrual cycle days,3-5,1 tablet,,No,,No,,,,,Take a dose orally when menstrual pain is severe,,,Get proper nutrition from diet,Light exercise is adviced,"Eat smaller, more-frequent meals to reduce bloating and the sensation of fullness.",,,,,"Choose foods rich in calcium. If you can't tolerate dairy products or aren't getting adequate calcium in your diet, a daily calcium supplement may help.",,,,,,,,https://www.mayoclinic.org/diseases-conditions/premenstrual-syndrome/diagnosis-treatment/drc-20376787,,
Premature Ejaculation,Inability to delay ejaculation,Rapid ejaculation,,,,,,,Blood tests,Testosterone levels,Urology exam,,,,,,,,,Selective Serotonin reuptake inhibitors,Paxil,mg,Paroxetine hydrochloride,10,,,,,Tablet,,,,1,,1,1,Yes,,,1 tablet,,No,,No,,,,,Take 1 tablet before coitus,,,Take the tablet orally 2 hours before coitus to delay ejaculation,,,,,,,,,,,,,,,https://drive.google.com/file/d/1x6teEU9mMhtvVzR38uuX9P2jGr8jTr52/view?usp=sharing,,
Prolonged Menstruation,Bleeding for longer than a week ,Passing blood clots larger than a quarter,Anemia,Hormonal imbalance,,,,,Physical exam,Blood tests,Pap test.,Endometrial biopsy,,,,,,,,NSAIDs,Gynae-pil,mg,Tranexamic acid,500,,,,,Tablet,,,,1,,1,,Yes,,,,,No,,No,,,,,"Swallow orally as whole, do not crush or chew it.",,,Alcohol intake is prohibited,Inform your doctor if you have a history of kidney or liver diseases.,,,,,,,,,,,,,,https://drive.google.com/file/d/1xAMU33lCCNjQVmkzxPdKxJafJNLKlwcM/view?usp=sharing,,
Rhinitis,Nose discharge,Watery discharge,Blocked nose,Sinusitis,,,,,Discharge collection,Covid exam,Nasopharyngeal swab,,,,,,,,,Decongestant,Acolate,mg,Paracetamol,125,Phenylephrine HCl,2.5,Chlorpheniramine Maleate,1,Tablet,0,0,0,0,0,1,1,Yes,,3-5,,,No,,No,,,,,"1 tablet daily, not more than that in 24 hours",,,Swallow the whole or split tablet without crushing or chewing.,This medication may be taken with food if stomach upset occurs. ,,,,,,,,,,,,,,https://drive.google.com/file/d/1x8lA48obyHlpuWooKuDza3glLmjANLjb/view?usp=sharing,,
Ringworm,Red itchy or scaly patches present on skin called as plaque ,Patches that develop blisters or pustules with edges raised and defined ,Patches that may be red on the outside edges or resemble a ring ,"Scaly ring shaped area, typically on buttocks, trunk, arms and legs ",,,,,Physical examination ,Cell culture,Microscopy,,,,,,,,,Anti fungals,Mycospar,mg,Bifonazole,10,,,,,cream,,,,0,0,1,1,Yes,,2-3weeks,30g,,Yes,,No,,,,,before applying the cream wash and dry infected area,apply daily at night for 2-3weeks,Should be avoided in pregnancy or in allergic conditions,wear loose clothing,dry the areas thouroughly after bath,wash clothes and bedding during infection to help disinfect surrounding,,,,,,,,,,,"Dr.Simi Paknikar,MD",,https://drive.google.com/file/d/1Luk43tPcd8U-ChajGjEWZHHukqfokbU6/view?usp=sharing,,
Rotten Tooth ,Tooth ache,Sensitivity,Tender nerves,Cavity,,,,,Dental exam,,,,,,,,,,,Root canal/ cavity,Decapinol ,g,Delmopinol hydrochloride,0.20%,,,,,Toothpaste,,,,1,1,1,1,Yes,,30,1,,No,,No,,,,,Use this instead of regular toothpaste,,,"Brush after every meals, thrice a day",Avoid sweet food,,,,,,,,,,,,,,https://drive.google.com/file/d/1xMFNAcBP-S53enL66_crV4kCO0VLWpyV/view?usp=sharing,,
Ringing in Ears,Tinnitus,Sensitivity to loud sounds,Ear pain,,,,,,ENT examination,Examination of auditory meatus,,,,,,,,,,Hearing aid,Depival 25,mg,Nortriptyline,25,,,,,Tablet,,,,1,1,1,1,Yes,,14,1,,No,,No,,,,,"Comes in capsule or tablet, should be taken after or before meals thrice a day",,,Inform your doctor if you have a history of kidney or liver diseases.,,,,,,,,,,,,,,,https://drive.google.com/file/d/1xOcsOtfCZgvMI6wiDNwKD2p2KyOypdWF/view?usp=sharing,,
Scales on skin ,Itching,Redness,Pain,,,,,,Tissue biopsy followed with analyzing under microscope or fungal culture,Blood test,,,,,,,,,,"Azole,Anti-fungal",Poviral,g,Dexpanthenol,15,,,,,Cream,,,,1,,1,,Yes,,15,,,Yes,,No,,,,,Apply topically on the affected area twice each day,,,Wear loose clothes around the affected area,,,,,,,,,,,,,,,https://drive.google.com/file/d/1xPGjqcRZyNgqMuZT85w-8OKjvwL4fIMm/view?usp=sharing,,
Scalp Micropigmentation  ,alopecia,thinning hair,male and female pattern baldness,,,,,,dermatological examination,,,,,,,,,,,laser treatment,Cetrimide cream,g,Cetrimide,0.5%/1g,,,,,Cream,,,,,1,,,Yes,,30,As prescribed by the physician,,No,,No,,,,,Apply on the scalp before bathing,,,Leave it on the affected region of the scalp for 20 mins before bathing,Cetrimide 10% shampoo solution is also used,,,,,,,,,,,,,,https://drive.google.com/file/d/1xErCzAXjWYC75L5WQgrugEdWPfPAeENc/view?usp=sharing,,
Rashes,Hypersensitivity,Anaphylaxis,Itching,Redness,,,,,Physical exam,Epidermis test,Histamine estimation,,,,,,,,,Anti histaminic,Acvirall D,mg,Acyclovir,200,,,,,Tablet,,,,1,,1,,Yes,,7-10,,,Yes,,Yes,,,,,"Swallow orally, not to be taken on empty stomach",,,Consult your doctor before taking the dosage if you're breastfeeding,,Avoid driving after taking the dose as it might cause dizziness,,,,,,,,,,,Dr. R. P. Soni,,https://cdn.cdnparenting.com/fcprofile/1584294220451-_1584294201167.webp,,
School Phobia ,Fear and avoidance of school,Depression,Anxiety,Panic attack,,,,,Physical examination,Blood test,,,,,,,,,,"Antidepressants, Benzodiazepines",Cipralex,mg,Escitalopram Oxalate ,5,,,,,Tablet,1,,,,,,,Yes,,28 - 42,1 tablet per day. ,,yes,,yes,,,,,"As with all medicines, combining Cipralex tablets with alcohol is not advised.",,,Take the medicine daily without any gap,"Swallow it as a whole. Do not chew, crush or break it",,,,,,,,,,,,,,https://www.1mg.com/drugs/cipralex-10mg-tablet-356022,,
Scleroderma,hardening and tightening of patches of skin,Raynaud's disease,difficulty swallowing,,,,,,blood tests,physical exam ,,,,,,,,,,Steroid creams,Artin,mg,Penicillamine,250,,,,,Tablet,,,,1,1,1,2,Yes,,15,As prescribed by the physician,,Yes,,Yes,,,,,"Dosage of around 1.5-2g each day, 1 tablet after meals thrice",,,Maintenance dose of ~1 g is given everyday after the course of medication is over,,,,,,,,,,,,,,,https://www.medindia.net/drug-price/penicillamine/artin-250-mg.htm,,
Shingles,Pain,Sensitive to touch,Fluid -filled blisters that break open and crust over,Itching,Burning,Numbness ,Tingling,,Polymerase chain reaction (PCR),Direct Flouroscent antibody(DFA),Tzanck Smear,,,,,,,,,Anti- herpes viruse drugs,Zovirax,mg,Acyclovir,800,,,,,Pill,0,0,0,1,1,1,"take a tablet every 4 hours orally, 5 times a day for 7-10 days",Yes,,7-10 days,,,Yes,,Yes,,,,,take a tablet every 4 hours orally,,,"Take a cool bath or using cool, wet compresses on your blisters may help relieve the itching and pain.",Follow airborne and contact precautions until disseminated infection is ruled out.,"If the patient is immunocompetent and the rash is localized, follow standard precautions and cover all lesions until lesions are dry and crusted.",,,,,,,,,,,,,https://drive.google.com/file/d/1SoFmS1gmoESXCSR3VIt-nLXZkZ-q936r/view?usp=sharing,,
Short sightedness /Myopia ,sitting close to the TV,Complaining of headaches ,regularly rubbing their eyes,,,,,,visual acuity tests,retinoscopy,measurements of the pressure inside your eyes,checks to measure how well your eyes work together,,,,,,,,anticholinergics,Isopto Atropine,mg,Atropine sulfate monohydrate,10,,,,,Eye drops,0,0,0,1,0,1,2-4 times daily,Yes,,,,,Yes,,Yes,,,,,,,,"Get your eyes checked regularly, even if you see well. Use the right corrective lenses.","Reduce eyestrain : Look away from your screen or near-task work like reading, every 20 minutes - for 20 seconds - at something 20 feet away. Use good lighting for better vision.",Protect your eyes from the sun and prevent eye injuries.,"Control chronic health conditions like Diabetes and Hypertension, which can affect your vision.",,,,,,,,,,,,https://drive.google.com/file/d/1xPoLlUXyQj2Q3EilAdGQywKIAYRABS9H/view?usp=sharing,,
Shoulder Injury,Muscle tension ,Calcium buildup in the tendons of the shoulder.,Pain that is coming from somewhere else in your bod,Lack of movement after a shoulder dislocation,,,,,Neer's Test,Speed Test,Sulcus Test,Hawkins-Kennedy Test,,,,,,,,"NSAIDs, Pain relievers",Tylenol,mg,Acetaminophen,500,,,,,Pill,0,0,0,1,0,1,2 tablets per day (every 4-6 hours while symptoms last),,,,,,Yes,,Yes,,,,,,,,"OTC pain relievers such as Acetaminophen (Tylenol), Ibuprofen (Advil, Motrin IB) and Naproxen Sodium (Aleve) may help.",Rest. Avoid using your shoulder in ways that cause or worsen the pain.,Cold compress : Apply icepack to your painful shoulder for 15-20 mintues several times a day.,"Muscle relaxants, Heat therapy or Compression can also be considered for management of shoulder injury.",,,,,,,,,,,,https://drive.google.com/file/d/1yIjZuUT4_K2b_NdEXgjhG0UHP8pb0P1w/view?usp=sharing,,
Shoulder Problem,Reduced movement,Weakness of the shoulder/ upper arm,Pain deep in the shoulder joint,Sensation of pins and needles,,,,,X-ray,Ultrasound,CT and MRI ,,,,,,,,,"NSAIDs, Pain relievers",Advil,mg,Ibuprofen,200,,,,,Pill,0,0,0,1,1,1,"3-4 times daily, if needed",,,,,,Yes,,Yes,,,,,,,,"Wrap ice in cloth and put on the shoulder area for 15 minutes, then leave it off for 15 mintues. Do this 3-4 times a day for 2-3 days. ",Rest your shoulder for the next couple of days.,Slowly return to your regular activities. A physical therapist can help you do this safely.,Take Ibuprofen or Acetaminophen (Tylenol) to reduce inflammation and pain.,,,,,,,,,,,,https://drive.google.com/file/d/1xyyjVduKWayArBQo5tPwkQor7PD4i1-N/view?usp=sharing,,
Sinusitis,Post nasal drip,Nasal discharge,Facial pressure,Cough.,,,,,computed tomography (CT) scan.,Nasal Endoscopy,Swab Test,X-ray,,,,,,,,penicillin-like antibiotics,Amoxil,mg,Amoxicillin,500,,,,,Pill,0,0,0,1,0,1,2,,,,,,Yes,,Yes,,,,,,,,Clear the sinuses with oils. Practice nasal irrigation; use a neti pot.,Ease facial pain with warm compresses.,Use OTC medications.,Drink plenty of water to flush the virus out of your system; eat foods with antibacterial properties.,,,,,,,,,,,,https://drive.google.com/file/d/1yDhtzzVg7yM3r6LViujLtkrKWp5xMcnN/view?usp=sharing,,
Sinus Disease,Nasal inflammation.,"Thick, discolored discharge from the nose",Drainage down the back of the throat,Blocked or stuffy,,,,,Computed tomography (CT) scan.,Nasal Endoscopy,Swab Test,X-ray,,,,,,,,"Antibiotics, Nasal decongestants",Augmentin,mg,Amoxicillin,500,Clavulanate,125,,,Pill,0,0,0,1,0,1,2,,,,As prescribed by the physician ,,Yes,,Yes,,,,,,,,Use nasal rinses to cleanse the nasal passages.,Treat any allergies to reduce inflammation.,Avoid any allergens.,Wash hands regularly and keep the nose clean to reduce the spread of infection.,,,,,,,,,,,,https://drive.google.com/file/d/1xozv4_I8jHHMgr9gAMqlfQXsYezqPaCX/view?usp=sharing,,
Sinus Problems / Sinusitis,Post nasal drip,Nasal discharge,Facial pressure,Tiredness.,,,,,Computed tomography (CT) scan.,Nasal Endoscopy,Swab Test,X-ray,,,,,,,,"Antibiotics, Nasal decongestants",Amoxil,mg,Amoxicillin,500,,,,,tablet,0,0,0,1,0,1,2,,,,As prescribed by the physician ,,Yes,,Yes,,,,,,,,Clear the sinuses with oils. Practice nasal irrigation; use a neti pot.,Ease facial pain with warm compresses.,Use OTC medications.,Drink plenty of water to flush the virus out of your system; eat foods with antibacterial properties.,,,,,,,,,,,,https://drive.google.com/file/d/1yDhtzzVg7yM3r6LViujLtkrKWp5xMcnN/view?usp=sharing,,
Sinusitis,Facial pain,Stuffy nose.,Bad Breath,Ear Pain,,,,,"physical exam,",allergy test,Nasal Endoscopy,Computed tomography (CT) Scan,,,,,,,,Nasal corticosteroids,Flonase,mcg,Fluticasone,50,,,,,Nasal Spray,0,0,0,1,0,0,"2 sprays in each nostril, once daily for 6 months",Yes,,6 months,,,Yes,,Yes,,,,,,,,"Moisten your sinus cavities : Drape a towel over your head as you breathe in the vapor from a bowl of hot water. Keep the vapor directed toward your face. Take hot showers, breathing in the warm, moist air. This will ease the pain and help mucus drain.",Rinse your nasal passages. Use a specially designed squeeze bottle (Sinus Rinse) or neti pot.,Use a warm compress on your nose and forhead to relieve pressure.,Rest and drink plenty of fluids to help your body fight infection and speed recovery.,,,,,,,,,,,,https://drive.google.com/file/d/1xrs6nh9-id5A4lJGIAp2vi7GqsYIskY5/view?usp=sharing,,
Sirodhara,,,,,,,,,,,,,,,,,,,,,,,,,,,,,,,,,,,,,,,,,,,,,,,,,,,,,,,,,,,,,,,,,,,,,
Sixth Disease Roseola,Fever,Rash,Irritability in infants and children,Mild diarrhea,,,,,,,,,,,,,,,,Analgesic and NSAIDs,Tylenol,mg,Acetaminophen,160,,,,,Oral Suspension,0,0,0,1,1,1,5 ml every 4-6 hours as needed,,,,,,No,,Yes,,,,,,,,Lukewarm sponge baths can soothe the discomfort of fever.,Plenty of rest until the fever disappears.,"Plenty of clear fluids like water, giger ale, lemon-lime soda, clear broth.",,,,,,,,,,,,,https://pedcarecorner.com/Medical-Comprehensive/Medicine-Dosages/Acetaminophen-Dosing,,
Skin Allergies,Contact Dermatitis,Atopic eczma,Seborrheic dermatitis,Acne,,,,,Puncture/ scratch test,Radioallergosorbent test,ImmunoCAP test,,,,,,,,,"Antihistamines, Topical Antifungals, Corticosteroids, Calcineurin inhibitors",Claritin,mg,Loratidine,10,,,,,Mouth dissolving tablet,0,0,0,0,0,1,1,Yes,,,,,Yes,,Yes,,,,,Do not swallow the tablet whole. Allow it to dissolve in your mouth without chewing.,,,Avoid contact. Don't wear tight clothes - they can irritate your rash. Wear breathable fabrics like cotton.,Cool compress or shower can help calm a fiery rash. Gently pat dry and then moisturize.,Anti-itch cream like OTC hydrocortisone or calamine lotion.,Try a damp dressing for severe symptoms.,,,,,,,,,,Sophia Entringer ,,https://drive.google.com/file/d/1RhMZ1-FYy2zHQEuIz2Y9H1t_X6wQpsTY/view?usp=sharing,,
Skin Allergy,Skin rash,Skin redness,Scaly skin,Hyperpigmentation,,,,,Puncture/ scratch test,Radioallergosorbent test,ImmunoCAP test,,,,,,,,,"Antihistamine, Corticosteroid",Levocet,mg,Levocetirizine,5,,,,,Pill,0,0,1,0,0,0,5mg with or without food once a day,Yes,,15,,,Yes,,Yes,,,,,"Do not crush, break or chew the tablet. Swallow the whole pill.",Take same time everyday,,Do not consume alcohol when under the treatment regimen of this medicine.,Apply anti-itch cream like OTC hydrocortisone or calamine lotion.,Levocet 5mg Tablet should be used with caution in patients with kidney disease. Dose adjustment of Levocet 5mg Tablet may be needed.,,,,,,,,,,,Dr. Amol,,https://drive.google.com/file/d/1WhJYqo4GreA_g2qno-yNDUPAapkg7_J5/view?usp=sharing,,
Rough Skin,,,,,,,,,,,,,,,,,,,,"Antibiotics, Antifungal, Moisturizer",Episoft AC,g,,75,,,,,Lotion,1,0,0,0,0,0,Apply daily to the face and body as often as needed.,Yes,,,,,No,,No,,,,,Follow the directions on the label or as advised by your doctor. Do not use in more or lesser quantities or for a longer period of time than indicated.,Apply daily to the face and body as often as needed.,Apply a minimal amount of topical emollient to the afflicted region and gently massage it in.,Do not apply if you are allergic to it.,,,,,,,,,,,,,Dr. Mohan Patil,,https://docs.google.com/spreadsheets/d/1xCqvuUxwFMMX6Tyf1WdTy2wuTZJ2dr6Usyveq9yaC6M/edit?usp=sharing,,
Skin Disease,Shingles,Hives,Rosaceae,Ichthyosis,,,,,Patch test,skin biopsy,Tzanck testing,,,,,,,,,"Antibiotics, Antifungal",Seriva,% w/w,Sertaconazole nitrate,2,,,,,Cream,1,0,0,0,0,0,Apply to the affected area.,Yes,,,,,Yes,,Yes,,,,,Do not take orally. Seriva should only be applied to the affected area on the skin.,"Unless you are treating a hand infection, wash your hands before and after applying this topical.",,This medicine is for external use only.,"Avoid getting this medication in your eyes, nose, or mouth.",Stop applying the cream if you find any type of hypersensitivity ractions.,,,,,,,,,,,Dr. Rohan Patil,,https://drive.google.com/file/d/1WppcSVqRXxJ8yPvfrzWaflxJYNxlS_-S/view?usp=sharing,,
Skin disease Psoriasis,Red patches of skin covered with thick,Small scaling spots,Dry cracked skin that may bleed or itch,Swollen and stiffed joints,silvary scales,,,,Skin biopsy,Blood test,Dermatological examination,,,,,,,,,"Corticosteroids, Vitamin D supplements, Antirheumatics",Otezla,mg,Apremilast,30,,,,,Pill,0,0,0,1,0,1,10-30 mg,Yes,,,,,Yes,,Yes,,,,,"Do not crush, break or chew the tablet. Swallow the whole pill.",,,"Tell your doctor or pharmacist about your medical history, especially if you have renal illness or mental/mood disorders, before using this drug (such as depression).",Inform the doctor or pharmacist if you have any allergic reactions.,Keep track of your body weight while taking this medication and notify your doctor if you lose a significant amount of weight.,,,,,,,,,,,,,https://www.mayoclinic.org/drugs-supplements/apremilast-oral-route/description/drg-20095277,,
,,,,,,,,,,,,,,,,,,,,,,,,,,,,,,,,,,,,,,,,,,,,,,,,,,,,,,,,,,,,,,,,,,,,,
Skin Disorder,Raised bumps,Scaly/ rough skin,open sores or lesion,Dry cracked skin,rash,discoloured patches,ulcers,,Skin biopsy,Diascopy,Patch testing,,,,,,,,,"Keratolytic agents, antifungal, antibiotics",Ureacin-10,%,Urea,10,,,,,Cream,1,0,0,0,0,1,Apply 1 to 3 times a day or as directed by your doctor.,Yes,,10,,,Yes,,Yes,,,,,"While the skin is still moist, apply urea cream immediately after washing, bathing, or showering.","Apply urea cream to your skin in a downward manner, in the direction of hair growth, and gently massage it in. Rubbing should be avoided.",,"Rinse with water if this drug goes into your eyes, nose, mouth, rectum, or vagina.",Seek medical help if you face any allergic reactions.,,,,,,,,,,,,Dr. Amol,,https://drive.google.com/file/d/1WhJYqo4GreA_g2qno-yNDUPAapkg7_J5/view?usp=sharing,,
Skin Flap,Sunken skin above the bone defect,headache,focal deficits,seizures,mental changes,,,,Pinprick test,,,,,,,,,,,,,,,,,,,,,,,,,,,,,,,,,,,,,,,,,,,,,,,,,,,,,,,,,,https://www.mountsinai.org/health-library/surgery/skin-graft,,
Skin Growth,Lumps,cysts,warts,lymphoma,,,,,Skin biopsy,Skin examination,,,,,,,,,,anti acne,Nadoxin A gel,gm,,,,,,,Ointment,0,0,0,0,0,0,Apply as recommended,,,,,,Yes,,Yes,,,,,,,,,,,,,,,,,,,,,Dr. Anuj Saini,,https://www.1mg.com/drugs/nadoxin-a-gel-130146,,
Skin hydration,,,,,,,,,,,,,,,,,,,,"Hyaluronic acid, moisturizer",Episoft AC,g,,75,,,,,Lotion,1,0,0,0,0,0,Apply daily to the face and body as often as needed.,Yes,,,,,Yes,,No,,,,,Follow the directions on the label or as advised by your doctor. Do not use in more or lesser quantities or for a longer period of time than indicated.,Apply daily to the face and body as often as needed.,Apply a minimal amount of topical emollient to the afflicted region and gently massage it in.,Apply a minimal amount of topical emollient to the afflicted region and gently massage it in.,"Avoid getting this medication in your eyes, nose, or mouth.",Stop applying the lotion if you find any type of hypersensitivity ractions.,,,,,,,,,,,Dr. Mohan Patil,,https://drive.google.com/file/d/1WudCz1sqeriyngULy_tKLIlku5649yzC/view?usp=sharing,,
Skin infections,Pus or fluid leaking out of cut,pimple or yellowish crust,Pain,swelling ,fever,redness ,sores,,Skin culture,Skin biopsy,blood test,,,,,,,,,"Oral antibiotic, antifungal cream",Minocidox,g,Minocycline,100,,,,,Pill,0,0,0,1,0,0,1 pill after meal in the morning,Yes,,30,,,Yes,,Yes,,,,,"Do not crush, break or chew the tablet. Swallow the whole pill.",,,Consult your doctor if you are pregnant.,Minocidox 100mg Tablet should be used with caution in patients with severe kidney and liver disease.,Consult doctor if you face allergic reactions.,,,,,,,,,,,Dr. Rohan Patil,,https://drive.google.com/file/d/1WqARjTdyZtwl5Kk5W-P-quPSVzKUFDH3/view?usp=sharing,,
Skin needling,Irritation,Bruising,Peeling,bleeding ,infection,,,,Nerve Conduction Testing,,,,,,,,,,,,,,,,,,,,,,,,,,,,,,,,,,,,,,,,,,,,,,,,,,,,,,,,,,,,
Skin Peeling, Dry skin and irritation,Skin discolouration,Swelling/ Bleeding,Blisters or sores,,,,,Physical Exam and medical history,surgical removal and microscopic evaluation (biopsy) of affected tissue,,,,,,,,,,Antiinflammatory & Painkiller,Advil,mg,ibuprofen,200,,,,,pill,0,0,0,1,1,1,3 times daily,yes,,,,,no,,no,,,,,,,,Do not try to peel it off with your hands,keep your skin moisturized,use a sunscrreen with SPF 30 or higher,use alovera gel and petrolleum jelly,,,,,,,,,,,,https://www.medicalnewstoday.com/articles/322771,,
Skin Pigmentation,"(Albinism) reduced amount of melanin pigment in the skin, hair, and eyes.",(Melasma) Dark brown to gray-brown,"Pigment loss after an ulcer, blister, burn, or infection, the skin does not replace some of the pigment in that area","(Vitiligo) smooth, white patches on the skin",,,,,Physical Exam and medical history,,,,,,,,,,,"tyrosinase inhibitor,corticosteroid,hydroquinone",Melalite forte,g,hydroquinone,4%,,,,,cream,0,0,0,0,0,1,twice ,yes,,,,,yes,,no,,,,,wash your hands before applying,,,SPF 30 sunscreen,use vitamin c serum and healthy diet also rich in vitC ,Melasama-TRIMULA cream is effective,,,,,,,,,,,,,"https://shineskinandbody.com.au/tyrosinase-inhibitors-what-are-they-and-why-everyone-should-be-on-one/#:~:text=Tyrosinase%20Inhibitor%20products%20will%20reduce,of%20pigment%20in%20the%20skin.",,https://www.medindia.net/drug-price/hydroquinone/melalite-forte.htm
Sleep Apnea,Loud snoring,Episodes in which you stop breathing during sleep,Difficulty staying asleep (insomnia)/ Excessive daytime sleepiness (hypersomnia),Difficulty paying attention while awake,,,,,Nocturnal polysomnography,Home sleep tests,,,,,,,,,,"benzodiazepines, barbiturates",Ativan 2mg,mg,lorazepam,2,,,,,pill,0,0,0,1,0,1,2/3 daily,,,,,,yes,,yes,,,,,do not take it before driving,,,Lose weight ,can use CPAP(Continuous Positive Airway Pressure) at night,change sleep positions,stop smoking and drinking aclohol,,,,,,,,,,,,https://www.rxlist.com/sleep_apnea_medications/drugs-condition.htm,https://www.mayoclinic.org/diseases-conditions/sleep-apnea/diagnosis-treatment/drc-20377636,
,,,,,,,,,,,,,,,,,,,,,,,,,,,,,,,,,,,,,,,,,,,,,,,,,,,,,,,,,,,,,,,,,,,,,
scabies,bumps,itching,redness,skin burrow,,,,,physcial examination,scratch test,,,,,,,,,,scabicide(pyrethrin),Perin,% w/w,permethrin,5,,,,,cream,1,0,0,0,0,0,only once after infection (if needed again wait for atleast 7 dyas),no,,1,,,yes,,yes,,,,,apply after bath,wash your body thourougly 8-14 hours after applying,,keep the skin dry and clean,Antibiotics are recommended if there are signs of infection ,contact precaution is recommended,wash hands if you come in contact with patient to prevent transmission,,,,,,,,,,,,https://drive.google.com/file/d/1x7tXefEbscQ8nP3uWpgYCSUcRvisiGmN/view?usp=sharing,,
Sleep Disorder-Restless leg syndorme,Pain in legs,trouble falling asleep,fatigue  or restlessness,,,,,,physical exam,sleep study,,,,,,,,,,non ergoline dopamine agonist,Neupro,mg,rotigotine,1,,,,,transdermal patch,,,,,,,once a day and increase dose gradually,,,,,,yes,,yes,,,,,before applying make sure the area is completely clean and apply as instructed on the product,,,massage your legs when an episode,distract your mind to something else,relaxation exercise like yoga,stick to same sleep cycle,if iron is less increase iron uptake,,,,,,,,,,,https://www.mayoclinic.org/diseases-conditions/restless-legs-syndrome/diagnosis-treatment/drc-20377174,,"https://www2.neupro.com/neupro-patch#:~:text=NEUPRO%20is%20a%20medication%20with,one%20patch%2C%20once%20a%20day."
Sleep Disturbance,Insomnias: Disorders of initiating and maintaining sleep,,Disorders of the sleep–wake schedule,"Parasomnias: Dysfunctions associated with sleep, sleep stages, or partial arousal",,,,,physical exam,sleep study,,,,,,,,,,Hypnotics,Fulnite,mg,Eszopiclone,1mg,,,,,pill,0,0,0,0,0,1,increase dose gradually,,,,,,yes,,yes,,,,,before bedtime,,,stick to a sleep cycle,avoid having large meal before bed,exercise regularly ,,,,,,,,,,,,,https://www.medindia.net/drug-price/eszopiclone.htm,https://www.mayoclinic.org/diseases-conditions/insomnia/diagnosis-treatment/drc-20355173,
,,Hypersomnias: Disorders of excessive somnolence,,,,,,,physical exam,sleep study,,,,,,,,,,Stimulants,Inspiral,mg,methylphenidate hydrochloride,10,,,,,tablet,0,0,0,0,0,1,,yes,,,,,yes,,yes,,,,,can cause dizziness while driving,,,avoid alcohol,create peaceful environment,do not take caffeine 4-5hrs before bed,,,,,,,,,,,,,https://www.medindia.net/doctors/drug_information/methylphenidate.htm,https://www.medicinenet.com/how_do_you_fix_hypersomnia/article.htm,
syphilis ,painless ulcers,vaginal discharge ,wart like growth on genitals,rashes,,,,,,,,,,,,,,,,,,,,,,,,,,,,,,,,,,,,,,,,,,,,,,,,,,,,,,,,,,,,,,,,,
shigellosis ,fever,bloody diarrhoea ,severe stomach cramping or tenderness ,dehydrated ,,,,,,,,,,,,,,,,,,,,,,,,,,,,,,,,,,,,,,,,,,,,,,,,,,,,,,,,,,,,,,,,,
Slip Disc,"pain and numbness, most commonly on one side of the body",pain that worsens at night or with certain movements,"tingling, aching, or burning sensations in the affected area",,,,,,Physical exam and medical history,Neurological check,lumbar spine area exam,,,,,,,,,NSAIDs and pain killer ,Celebrex,mg,celecoxib,200,,,,,tablet,0,0,0,1,0,1,2 times,yes,,,,,yes,,yes,,,,,Consult doctor before taking if you are pregnant or have heart surgery,,,Surgery if the symptoms doesn't subside and affect muscle function,,Physical therapy ,take proper rest,,,,,,,,,,,,https://www.mayoclinic.org/diseases-conditions/herniated-disk/diagnosis-treatment/drc-20354101,,
,,,,if muscle spasms,,,,,,,,,,,,,,,,muscle relaxants,Lioresal 10,mg,Baclofen,10,,,,,tablet,0,0,0,1,1,1,3 times,yes,,,,,yes,,yes,,,,,Consult doctor before taking if you are pregnant or have heart surgery,,,Surgery if the symptoms doesn't subside and affect muscle function,,Physical therapy ,use heat pad and ice for spasms,,,,,,,,,,,,https://www.medindia.net/doctors/drug_information/baclofen.htm,https://www.spine-health.com/treatment/pain-medication/muscle-relaxants,
Slow / Weak Urinary Stream,may dribble of urine after you finish urinating,wake up multiple times a night to pee,feel lower abdominal discomfort,feel like you have not completely emptied your bladder when you have finished urinating,,,,,uroflowmetry,,,,,,,,,,,anticholinergic,Tropan XL,mg,oxybutynin,5,,,,,tablet,0,0,0,1,0,1,2/3itmes,yes,,,,,yes,,no,,,,,,,,limit food and drinks that bother your bladder,try keggel exercises,keep a voiding diary,,,,,,,,,,,,,https://www.mayoclinic.org/diseases-conditions/overactive-bladder/diagnosis-treatment/drc-20355721,https://www.medindia.net/drug-price/oxybutynin-chloride.htm,https://www.mayoclinic.org/drugs-supplements/oxybutynin-oral-route/proper-use/drg-20065229
Small Bowel Obstruction,Malaise (an overall feeling of illness),Abdominal (stomach) cramps and pain.,severe constipation,"lack of appetite, bloating",,,,,Medical history / physical examination,CT scan,Abdominal X-rays,Blood tests,,,,,,,,Anti-emetics,Reglan,Mg,Metaclopromide ,15-20 mg,,,,,Tablet ,1,1,1,,,,40 mg per day,Yes,,12 weeks,,,Yes,,Yes,,,,,To be taken half an hour before the expected feeling of vomiting or before every meal. ,,,,,,,,,,,,,,,,,,,,
Snoring,Witnessed breathing pauses during sleep,Your snoring is so loud it's disrupting your partner's sleep,Gasping or choking at night,Sore throat upon awakening,,,,,Medical history / Questionnaires,Imaging test,Sleep study,,,,,,,,,Oral Appliances / Antihistamine medicine ( in case of allergy),Nasonex,Mg,Mometasone,5mg,,,,,Spray ,,,,,,1,once a day,Yes,,,,,No,,No,,,,,Spray in adequate quantity before going to bed ,,,,,,,,,,,,,,,,,,,,
Somatoform Disorder / Factitious,"pain in arms, legs, chest and other areas",headache,abdominal pain,diarrhea,constipation,diziness,Fatigue,,medical history,Physical examination,Mental Status Examination (MSE),Laboratory tests,,,,,,,,Anti-depressants,Luvox,Mg ,Fluvoxamine ,50 mg,,,,,Tablet ,,,,,,1,Once a day ,Yes,,2 weeks,,,Yes,,Yes,,,,,"The dose may be increased in 50 mg increments every 4-7 days, as tolerated, until maximum therapeutic benefit is achieved ",,,,,,,,,,,,,,,,,,,,
Spasticity,Contracture,Increased muscle tone,Involuntary movements,Bone and joint deformities,,,,,magnetic resonance imaging (MRI),electromyography,Neurological testing,,,,,,,,,Antispasmodic agent,Zanaflex ,Mg ,Tizanidine ,2 mg,,,,,Tablet ,1,1,1,,,,thrice a day,Yes,,Until symptoms disappear. ,,,Yes,,Yes ,,,,,Safety and efficacy has not been established in patients under 18 years of age. Care must be taken in such cases. ,,,,,,,,,,,,,,,,,,,,
Spinal Diseases,Abnormally rounded shoulders or back,Weakness in arms or legs,Stiffness or tightness,Bladder or bowel dysfunction,,,,,Electromyography (EMG),Neurological exam,Biopsy,CT scan / X-Ray,,,,,,,,Pain reliever / muscle relaxer,Aleve,Mg,Naproxen ,500mg,,,,,Tablet ,,1,,,,1,twice a day,Yes,,7 days,,,Yes ,,Yes,,,,,Dose may be altered as per the patient's condition and treatment demand ,,,,,,,,,,,,,,,,,,,,
Spinal Stenosis,Pain or cramping in one or both legs,Problems with walking and balance,"Numbness or tingling in a hand, arm, foot or leg",Back pain / Neck pain,Numbness or tingling in arms and legs,,,,CT / CT myelogram,Magnetic resonance imaging (MRI),X-rays,,,,,,,,,Surgery,-,-,-,,,,,,,,,,,,,,,,,,,,,,,,,,,,,,,,,,,,,,,,,,,,,,
Spine Deformation / Scoliosis,Uneven shoulders and/or hips.,Bump in the lower back.,Numbness in the legs,Trouble in walking,weakness in the legs,,,,Bone scan,CT scan,MRI scan,X-ray,,,,,,,,Surgery / Analgesics,Zorprin,Mg ,Aspirin ,500 mg ,,,,,Tablet ,,1,1,,,,twice a day,Yes,,14 days ,,,Yes ,,Yes ,,,,,"If symptoms worsen, surgery is the preferred. ",,,,,,,,,,,,,,,,,,,,
Spondylitis,lower back pain and stiffness,hip pain,Difficulty breathing.,abdominal pain ,back pain,diarrhea,,,medical history,MRI / CT scans,Spine x - rays,Blood tests,,,,,,,,Nonsteroidal anti-inflammatory drugs (NSAIDs),Nurofen,Mg ,Ibuprofen ,300 mg ,,,,,Tablet ,,1,1,,,,twice a day,Yes ,,7 days ,,,Yes ,,Yes ,,,,,Dose may be altered as desirable for the treatment. ,,,,,,,,,,,,,,,,,,https://www.1mg.com/drugs/nurofens-g-300mg-500mcg-tablet-570734,,
Spondylolysis,low back pain,stiffness in muscles,muscle spasms,pain in legs especially while walking,,,,,MRI Scans,CT scans,X-ray,,,,,,,,,nonsteroidal anti-inflammatory,Voltaren ,Mg,Diclofenac ,250 mg ,,,,,Tablet ,,1,1,,,,Every 6-8 hours ,Yes ,,7 days ,,,Yes ,,Yes ,,,,,Dose may be altered as desirable for the treatment. ,,,,,,,,,,,,,,,,,,,,
Sports Injury,Not being able to place weight on a leg/knee/ankle/foot,bone/joint that is visibly out of place.,Swelling,Extreme leg or arm weakness.,,,,,physical examination,ultrasound,imaging tests,,,,,,,,,painkillers,Advil ,Mg ,Ibuprofen ,500 mg ,,,,,Tablet ,,,,,1,1,twice a day,Yes ,,3 days ,,,No ,,No,,,,,"In case of severe pain, can be taken thrice a day. ",,,,,,,,,,,,,,,,,,,,
Stained Teeth,visible discoloration of teeth,pain in gums,trouble chewing,bad breath,,,,,dental history,ultraviolet light exposure,scratch testing,,,,,,,,,Antibiotics,Sumycin ,Mg,Tetracycline ,100 mg ,,,,,Tablet ,1,,,,,1,twice a day,yes,,3 days ,,,No ,,Yes,,,,,Avoid with milk and dairy products. ,,,,,,,,,,,,,,,,,,,,
Steatosis,Abdominal pain,Nausea,Yellowish skin ,Swollen abdomen and legs (edema),loss of appetite,Yellowish eyes,,,Complete blood count,Liver enzyme and liver function test,Tests for chronic viral hepatitis,Fasting blood sugar,,,,,,,,"Thiazolidinediones (TZDs), antidiabetic",Actigall,Mg,Ursodeoxycholic Acid,300 mg,,,,,Tablet ,,,,1,1,1,Thrice a day,Yes,,7 days,,,Yes ,,Yes,,,,,"Swallow it as a whole, do not crush, chew or break it.",,,You may need to break the tablet in half as per the dose prescribed by physician.,,,,,,,,,,,,,,,https://www.medindia.net/doctors/drug_information/ursodiol.htm,,
STIs,"Clear, white, greenish or yellowish vaginal discharge",Discharge from the penis,Strong vaginal odor,Vaginal itching or irritation,,,,,Herpes Testing,HIV Tests,Human Papillomavirus (HPV) Test,Syphilis Tests,,,,,,,,"Antibiotics, Antiviral",Broacil,Mg,Ampicillin,500 mg,,,,,Tablet ,,,1,1,1,1,Four times a day,Yes,,14 days,4 tablets,,Yes ,,Yes,,,,,"The recommended dose is 3 mg each 6 hours, whoch means 4 times per day",,,"Caution should be exercised in patients with kidney, liver diseases or other allergies",,,,,,,,,,,,,,,https://www.medindia.net/drug-price/ampicillin/broacil-capsule-tab-500mg.htm,,
Stomach And Intestinal Infections,nausea,vomiting,fever,loss of appetite,,,,,Barium beefsteak meal,Colorectal transit study,CT or CAT scan,MRI,,,,,,,,antibiotics,Cefizox,Mg,Ceftizoxime,250 mg,,,,,Injection,,,,1,,1,1g intravenously every 12 hours,Yes,,7 days,,,Yes ,,No,,,,,The injection is taken intravenously,,,Intravenous infusion should be administered either as a continuous or intermittent infusion over 15-30 minutes,,,,,,,,,,,,,,,https://www.medindia.net/drug-price/ceftizoxime/cefizox-1000mg.htm,,
Stomach Cancer,heartburn ,having problems swallowing (dysphagia),feeling of being sick,burping a lot,,,,,Biopsy,Molecular testing of the tumor,Endoscopy,Endoscopic ultrasound,,,,,,,,Chamo,Capiibine,Mg,Capecitabine,150 mg,,,,,Tablet ,,,,1,,1,2500 mg each day,Yes,,14 days,10 tablets,,Yes ,,Yes,,,,,Take the dosage orally with water twice a day,,,It can cause dizziness for a while,,,,,,,,,,,,,,,https://www.medindia.net/drug-price/capecitabine/capiibine-500-mg.htm,,
Stomach Disorder,Feeling bloated after eating,Heartburn,Indigestion,Nausea,,,,,Barium beefsteak meal,Colorectal transit study,Defecography,MRI,,,,,,,,"Proton pump inhibitors, H2 blockers",Kaopectate,Mg,Bismuth subsalicylate,262 mg,,,,,Suspension,,,,1,1,1,262g/15 ml should be taken thrice a day,Yes,,7 days,,,No ,,No,,,,,Dissolve the prescribed dosage of suspension in water and drink it,,,Stay hydrated as vomitting or diarhhea may happen,,,,,,,,,,,,,,,https://www.medindia.net/doctors/drug_information/bismuth_subsalicylate.htm,,
Stomach Infection,diarrhea,nausea ,fever or chills,sweaty skin,,,,,endoscopey,,,,,,,,,,,antibiotics,Cefizox,Mg,Ceftizoxime,250 mg,,,,,Injection,,,,1,,1,1g intravenously every 12 hours,Yes,,7 days,,,Yes ,,No,,,,,The injection is taken intravenously,,,Intravenous infusion should be administered either as a continuous or intermittent infusion over 15-30 minutes,,,,,,,,,,,,,,,https://www.medindia.net/drug-price/ceftizoxime/cefizox-1000mg.htm,,
Stomach Ulcer,dull pain in the stomach,weight loss,pain while eating,nausea ,,,,,Medical history,Physical Exam,Upper gastrointestinal (GI) endoscopy and biopsy,Computerized tomography (CT) scan,,,,,,,,Proton pump inhibitors (PPIs),,,,,,,,,,,,,,,,,,,,,,,,,,,,,,,,,,,,,,,,,,,,,,,,,
Strep Throat,Sore throat that can start very quickly,Pain when swallowing,Fever,Red swollen tonsils,,,,,Throat Cultur,Rapid Strep Test,Rapid Antigen Detection Test (RADT),Group A Streptococcus (GAS),,,,,,,,penicillin-like antibiotics,Cilimox,Mg,Ampicilin,250mg,,,,,Capsule,,,,1,1,1,0.25-3gm,yes,,10 days,10 tablet,,no,,yes,,,,,take full course,"contraindication with hyper sensitivity, caution with kidney ASTHMA liver patient and those allergic to pencillin, patients with phenylketonouria should be cautious . Do not drive if dizziness",,,,,,,,,,,,,,,,,https://drive.google.com/file/d/1zoJuOA7o-jUx2ju02a1vkhb5iSbj05S5/view?usp=drivesdk,,
Stress,Chest pain,Exhaustion,"Headaches, dizziness or shaking",High blood pressure,,,,,exercise stress tests,nuclear stress tests,stress echocardiograms,,,,,,,,,"sedatives, antidepressants, and beta-blockers",Citalop tab,Mg,Citalopram,10 mg,,,,,Tablet,,,,1,,,10 mg/day,Yes,,30 days,10 tablets,,No,,No,,,,,It comes as a tablet to be taken orally with or without food,,,"It may develop suicidal thoughts in children, teenagers and young adults",,,,,,,,,,,,,,,https://drive.google.com/file/d/1zVG2eMmzl6hvHU_N2RAE2W3btpBLdYXt/view?usp=drivesdk,,
Stress and strain,Exhaustion,Digestive problems,Anxiety,Depression,,,,,Questionnaire,,,,,,,,,,,"Selective serotonin reuptake inhibitors, Tricylic antidepressants",Citalop tab,Mg,Citalopram,10 mg,,,,,Tablet,,,,1,,,10 mg/day,Yes,,30 days,10 tablets,,No,,No,,,,,It comes as a tablet to be taken orally with or without food,,,"It may develop suicidal thoughts in children, teenagers and young adults",,,,,,,,,,,,,,,https://drive.google.com/file/d/1zVG2eMmzl6hvHU_N2RAE2W3btpBLdYXt/view?usp=drivesdk,,
Structural Heart Disease,Chest pain,Irregular heartbeat,Shortness of breath,Fatigue,,,,,Echocardiogram,MRI,Chest X ray,Electrocardiogram,,,,,,,,Anticoagulants,Sofarin,Mg,Warfarin,5 mg,,,,,Tablet,,,,,1,,5 mg/day,Yes,,28 days,10 tablets,,Yes,,Yes,,,,,"Swallow it as a whole, do not crush, chew or break it.",,,You may need to break the tablet in half as per the dose prescribed by physician.,,,,,,,,,,,,,,,https://drive.google.com/file/d/1zXtED_ugsO29pBgr6RTK9WBokaHl1Yxr/view?usp=drivesdk,,
Stye/Hordeolum,Painful red bump along the eyelid near eyelashes,Eyelid pain ,Swelling of eyelid,Light sensitivity,,,,,Physical examnination,,,,,,,,,,,Antibiotics,etomin,Mg,erythromycin,125mg,,,,,tablets,1,,1,,,,250mg every 6 hours,yes,,,10 tablets,,yes,,yes,,,,,contraindiction with patients taking terfenadine or aztemizole and hyper sensitivity,contraindiction with patients taking terfenadine or aztemizole and hyper sensitivity,contraindiction with patients taking terfenadine or aztemizole and hyper sensitivity,contraindiction with patients taking terfenadine or aztemizole and hyper sensitivity,contraindiction with patients taking terfenadine or aztemizole and hyper sensitivity,contraindiction with patients taking terfenadine or aztemizole and hyper sensitivity,contraindiction with patients taking terfenadine or aztemizole and hyper sensitivity,contraindiction with patients taking terfenadine or aztemizole and hyper sensitivity,contraindiction with patients taking terfenadine or aztemizole and hyper sensitivity,,,,,take 1 hour before meal,,,,,https://drive.google.com/file/d/1zkch8G8iEunOrxtf22BAc4TZzguOoiyE/view?usp=drivesdk,,
Sun spots,Dark spots on skin,Darkening of skin,Hot skin temprature,Redish skin,,,,,Physical examnination,,,,,,,,,,,"Hydroquinone, Tretinoin","HQ-5 Lotion

",,Hydroquinone,,,,,,ointment,,,,,,,Adults and children over 12 years should apply hydroquinone on the affected area and rub it gently for every 12 hours.,yes,,,,,no,,yes,,,,,"For external use only
- Read the label carefully before use
- Keep out of the reach and sight of children",,,,,,,,,,,,,,,,,,https://drive.google.com/file/d/1zYBkCY5YySC9zr3ab-qsK0pHYgCAmrfy/view?usp=drivesdk,,
Superficial thrombophlebitis,Swelling of leg and arm,Pain in area of clot,Increased warmth in area of clot,Red skin in area of clot,,,,,Vascular ultrasound,,,,,,,,,,,"NSAIDs, Anticoagulants",Emflam,mg,Ibuprofen,200mg,,,,,tablet,1,1,1,,,,200mg -600mg/day,yes,,,10 days,,yes,,yes,,,,,"contraindication in people with asthma , hives , allergic reaction while taking aspirin or other NSAID cautious with kidney , liver ,blood problems , high blood pressure ,bleeding problame patients. Avoid alcohol consumption",,,,,,,,,,,,,,,,,,https://drive.google.com/file/d/1zaIuJktwroOmMcBw5Nh4gksT2GhCpmMk/view?usp=drivesdk,,
Swollen gums,Red coloured gums,Bleeding gums,Sensitive or irritated gums,Receding gums,,,,,X ray,Blood test,,,,,,,,,,"Antiseptics, Antiobiotics",listerine,ml,Eucalyptol,0.09%,menthol,0.04%,Methyl salicylate,0.06%,liquid,,,,,,,,yes,,,500ml,,no,,yes,,,,,"For best results, rinse with undiluted 20ml twice a day for 30 seconds. Don't rinse mouth with water or eat and drink anything for 30 minutes post rinse.",,,,,,,"For external use only. Not to be swallowed. Keep out of reach of children. Not recommended for children below 12 years of age. If you accidentally swallow quantity more than used for rinsing, get medical help.",,,,,,,,,,,,https://drive.google.com/file/d/1ziuZKpNh3jXemMS26zowhvWNVo6Zetfq/view?usp=drivesdk,
Syphilis,warts on genitals,Vaginal discharge,Itching,Ulcers,Swelling lymphs nodes,Fatigue,,,Blood test,CSF test,,,,,,,,,,Antibiotics,,,,,,,,,,,,,,,,,,,,,,,,,,,,,,,,,,,,,,,,,,,,,,,,,
Systemic lupus erythematosis,muscle pain,Anemia,Rash,Fever,Fatigue,Hair loss,,,Physical examnination,X ray,Blood test,,,,,,,,,"Corticosteroids, Immunosuppressants",,,,,,,,,,,,,,,,,,,,,,,,,,,,,,,,,,,,,,,,,,,,,,,,,
Systemic sclerosis,Joint pain,Rash ,Acid reflux ,Sensitivity to cold,Heartburn,Ulcers,,,X ray,CT scan,Physical examination,Skin biopsy,,,,,,,,"Corticosteroids, Immunosuppressants, NSAIDs",,,,,,,,,,,,,,,,,,,,,,,,,,,,,,,,,,,,,,,,,,,,,,,,,
Tags,Growth on skin,Darkening of skin,Friction from skin rubbing,Discomfort,,,,,Physical examnination,,,,,,,,,,,,,,,,,,,,,,,,,,,,,,,,,,,,,,,,,,,,,,,,,,,,,,,,,,,,
TB,coughing for three or more weeks,chest pain or pain with breathing or coughing ,unintentional weight loss,Coughing up blood or mucus,Loss of appetite,Chills,,,Skin test,Blood test,Imaging test such as chest Xray or CT scan,Sputum test,,,,,,,,"Anti TB drugs,Antibiotics",,,,,,,,,,,,,,,,,,,,,,,,,,,,,,,,,,,,,,,,,,,,,,,,,
Teeth ache,Tooth pain may be sharp,Bad odor from mouth,Foul tasting drainage from infected tooth,Pain while chewing with teeth,Swelling around the tooth,Bleeding or discharge from around tooth or gums,,,"Physical examination of teeth,mouth,gums,jaws,tongue,throat",Dental X rays ,,,,,,,,,,"NSAIDs, Antibiotics",augmetin,mg,amoxcilin ,500mg,calvulanic acid,125mg,,,tablet,,,,1,,1,twice a day,yes,,,10 tablets,,,,yes,,,,,take full course,,,caustion for patients with kideny liver problame and if pregnent or brest feeding,,,caution if allergic to pencilin,,,,,,,,,,,,https://www.medindia.net/drug-price/amoxicillin/augmentin-500mg-125mg.htm,,
Teeth Decay,Spontaneous pain or pain that occurs without any apparent cause,"Mild to sharp pain when eating or drinking sweet,hot or cold","visible holes or pits in teeth, brown,black or white staining on any surface of a tooth",Pain when you bite down,Tooth sensitivity,Toothache,,,Examining mouth and teeth,probing teeth with dental instrument to check for soft area,Dental Xray,,,,,,,,,"Fluoride treatment,Antibacterial mouth rinses",phos flur gel,,sodium flouride,1.01%,,,,,moth wash,,,,,,1,once a day,yes,,,,,no,,yes,,,,,usally apply at bed time after brushing teethplace two tea sppon of solution into your mouth swish for 1 minute and spit out,,,,,,do not swollow,,,,,,,,,,,,https://www.drugs.com/pro/phos-flur-gel.html,,
Teeth grinding/Bruxism,Facial pain,Pain and stiffness in the jaw joint(temporamandibular joint),worn-down teeth leading to increased sensitivity,Dull headache starting in the temples,Earache,Disrupted sleep,,,Physical examination of teeth,dental X-rays,,,,,,,,,,"NSAIDs,muscle relaxants,Botox injection",skelebenze,mg,cyclobenzaprine,30mg,,,,,tablet,,,,1,,1,shortest dose possible to relive symptoms,,,,10 tablets,,yes,,yes,,,,,take with food take according to what doctoer priscribes,,,,do not consume alchol do not drive,caution with prgenent and brest feeding mothers and liver kidney diproblame patients,,,,,,,,,,,,,,,
Teeth sensitive to hot and cold,"pain or discomfort at the root of affected teeth due to triggering agent such as hot food,cold food,cold air,sweet,acidic food",,"fever,toothache,swelling or redness of gums",,,,,,Visual examination of teeth using dental instrument to check sensitivity,,Dental X-rays,,,,,,,,,"fluoride gel,desensitizing agent",sensodyne,mg,silica,,sodium flouride,,stontium acetate,,tooth paste,1,,,,,1,twicw a day,yes,,,,,no,,yes,,,,,bruch twice daily with 2cm paste not  more than three times a day brushingminimize swolling for rapid realif take small amount on clean finger tip and apply on base of sensitive tooth for one minute 2 times a day,,,,,,,,,,,,,,,,,,https://www.1mg.com/otc/sensodyne-fresh-mint-toothpaste-otc332034,,
Tendonitis,"pain often described as dullache,especially when moving the affected limb or joint, tenderness,mild swelling",,,,,,,,X-ray,Imaging test,,,,,,,,,,"pain reliever,anti inflammatory,corticosteroids",brufen,mg,ibuprofen,400mg,,,,,tablets,,,,,1,1,200 to 600mg,yes,,,15 tablets,,no,,yes,,,,,not consume wuth alchol caution for pregnent and brest feeding woman caution with kidney and liver patients and caution with blood disorder heart related problames and blood pressure,,,,,,,,,better o take with food,,,,,,,,,https://www.medindia.net/drug-price/ibuprofen/brufen-softra-400mg.htm,,
Tennis elbow,pain and tenderness in the bony knob on outside of elbow,pain radiate to upper or lower arm,pain while lifting things or gripping an object,weakness,,,,,X-ray,MRI,Physical examination of affected area,,,,,,,,,"NSAIDs, Corticosteroids,Platelet rich protein injections",voveran emulgel,gm,diclofenac sodiuam,30gm,,,,,gel,,,,1,1,1,4 time a day,yes,,,,,yes,,yes,,,,,"apply 4 times a day in moaring, after lunch after dinner and before bed time donot wash till 1 hour of applicatiom",,,,,,,,,,,,,,,,,,https://www.1mg.com/otc/voveran-emulgel-otc39381,,
Testicular,Pain in the lower back,ancer-related fatigue,painless testicular lump,swelling of scrotum,,,,,testicular ultrasound test,Blood tests,CT scan ,X-ray,,,,,,,,Dactinomycin,dampicin,mg,daptomycin,350mg,,,,,liqid,,,,,,,,,,,,,yes,,yes,,,,,the dose and duration will be decided by the DR the injection should be taken as long as DR priscribed DR or nurse can only addminstrate the drud,,,,,,,caution with kidney liver patients ,,,,,,,,,,,https://www.1mg.com/generics/daptomycin-212562,,
Thalassemia,Fatigue,Pale or yellowish skin,Facial bone deformities,Slow growth,,,,,Blood tests,DNA analysis,special hemoglobin tests,thalassemia profile test,,,,,,,,"deferasirox , deferiprone",,,,,,,,,,,,,,,,,,,,,,,,,,,,,,,,,,,,,,,,,,,,,,,,,
Throat And Voice Problems,Hoarsenes,Weak voice or voice loss,tickling sensation ,Dry throat,rawness in the throat,,,,laryngoscopy,stroboscopy,Pysical examination,endoscopy,,,,,,,,Nonsteroidal anti-inflammatory drugs,,,,,,,,,,,,,,,,,,,,,,,,,,,,,,,,,,,,,,,,,,,,,,,,,
Throat Infections,Pain or a scratchy sensation in the throat,Difficulty swallowing,Swollen,White patches or pus on your tonsils,red tonsils,,,,throat culture,strep test,Pysical examination,endoscopy,,,,,,,,Penicillin or amoxicillin,Kivomox CV ,mg.,Amoxicillin,400,clavulanic acid.,57,,,tablet,0,0,0,1,0,1,2,yes,,5,10,,yes,,yes,,,,,,,,It is better to take it with food as that helps increase absorption and decrease the risk of stomach upset. ,,,,,,,,,,,,,,,https://www.rxlist.com/amoxicillin-drug.htm,,
Thrombosis,Pain in one leg,Swelling in the leg or arm.,Chest pain.,Numbness or weakness on one side of the body,,,,,Duplex ultrasonography,CT scan,MRI,D-dimer test,,,,,,,,"Anticoagulants, Low Molecular Weight Heparins",,,,,,,,,,,,,,,,,,,,,,,,,,,,,,,,,,,,,,,,,,,,,,,,,
Thyroid Consultation,Gastrointestinal problems,Mood changes ,Sensitivity to temperature changes,Hair thinning or hair loss,weight change,,,,checking the levels of thyroid hormones,thyroid stimulating hormone test,thyroid antibody tests,"T3, T3RU test",,,,,,,,Levothyroxine,,,,,,,,,,,,,,,,,,,,,,,,,,,,,,,,,,,,,,,,,,,,,,,,,
Under eye,Mild saggy loose skin,Allergies,eye rubbing ,,,,,,Physical examination,,,,,,,,,,,"Hylarunoic acid,caffeine,Retinoid,Vitamin C and K",St.Botanica,%w/v,Vitamin C,10,Hylarunoic acid,,0.5,Vitamin B3,Serum,1,0,0,0,0,1,twice a day,yes,,,30g,,no,,no,,,,,take pea sized amountof serum and dab it on skin around your eye ,,,Place a cool compress over your eyes,Avoid drinking fluids before bed,Get restful sleep and sleep with you head raised,Place tea bags on your eyes,"Laser treatment,chemical peels and eyelid sugery may also be recommended",,,,,,,,,Jillian Goltzman,,https://drive.google.com/file/d/1KRe5rrewOlVxfc6DFqOHByNFrI2nS5f7/view?usp=sharing,,
Underweight,Getting sick frequently,"skin,hair or teeth problems",Irregular periods,anemia,feeling tired,,,,Body mass index,,,,,,,,,,,"Anti depressants,steroids",,,,,,,,,,,,,,,,,,,,,,,,,,,,,,,,eat small nutritious meals at least six times a day,"Your diet should include whole grain bread, cereal, fruits and vegetables, dairy products, nuts and seeds, cheese, scrambled eggs, fish and chicken",,have at least 6-8 glasses of water every day,quit smoking as well as consumption of alcohol and drugs,Exercise daily,,,,,,,,Dt.Ms.Archana Desai,,https://drive.google.com/file/d/1d_qMiJhckbFCxcDOIHEa4h2mrBoLVqMG/view?usp=sharing,,
Undescended testes,Scrotum looks loose and flat,Not seeing or feeling a testicle where it's expected to be in the scrotum,,,,,,,Laproscopy ,,,,,,,,,,,,,,,,,,,,,,,,,,,,,,,,,,,,,,,,,,,Surgery Orchiopexy is the only treatment and should be done at last till 12 months of age,,,,,,,,,,,,,,,https://drive.google.com/file/d/1fSO81dbwZDWIu41nLvCcMVWMfLXkx973/view?usp=sharing,,
Urethral stone,Pain with urination,Nausea and vomiting,Pain in the back and side,Blood in urine,,,,,Urinalysis,,,,,,,,,,,"Calcium channel blockers,alpha antagonists",,,,,,,,,,,,,,,,,,,,,,,,,,,,,,,,,,,,,,,,,,,,,,,,,
Urinary fistula,Abdominal pain,Passing gas from urethra while urinating,Foul smelling gas,,,,,,Pelvic x-ray,,,,,,,,,,,Antibiotics and Penicillin,,,,,,,,,,,,,,,,,,,,,,,,,,,,,,,,,,,,,,,,,,,,,,,,,
Urinary incontinence children,Urgent need to urinate,uncontrollable urge to urinate,,,,,,,"X-ray,Urodynamic testing","Electromyogram,cystourethrogram",,,,,,,,,,"Antimuscarinics,anticholinergics",,,,,,,,,,,,,,,,,,,,,,,,,,,,,,,,,,,,,,,,,,,,,,,,,
Urinary reflux,cloudy urine,Pain in abdomen,burning sensation while urinating,fever,,,,,Voiding crystogram,X-ray of bladder,,,,,,,,,,Amoxicillin,,,,,,,,,,,,,,,,,,,,,,,,,,,,,,,,,,,,,,,,,,,,,,,,,
Urinary tract infection,A strong persistant urge to uriate,Burning sensation when urinating,Strong smelling urine,Urine that appears cloudy,,,,,Urine sample,,,  ,,,,,,,,Antibiotics and Penicillin,,,,,,,,,,,,,,,,,,,,,,,,,,,,,,,,,,,,,,,,,,,,,,,,,
urticaria,raised area of skin,swelling or inflammation ,itching or flare,red or skin coloured welts,,,,,,,,,,,,,,,,,,,,,,,,,,,,,,,,,,,,,,,,,,,,,,,,,,,,,,,,,,,,,,,,,
uremia ,"nausea, vomiting, or hiccup","fatigue,, or loss of appetite",abnormality of taste,severe unintentional weight loss,high blood pressure,insufficient urine production,itching,,,,,,,,,,,,,,,,,,,,,,,,,,,,,,,,,,,,,,,,,,,,,,,,,,,,,,,,,,,,,,
ulcerative colitis ,"pain in abdomen,joints,rectum ",bloating,fever,cramping or weight loss,diarrhoea,blood in stool,anaemia,,,,,,,,,,,,,,,,,,,,,,,,,,,,,,,,,,,,,,,,,,,,,,,,,,,,,,,,,,,,,,
vasculitis,"pain in abdomen, joints,muscles ",fatigue or fever,rashes ,joint swelling,ulcers,weight loss,,,,,,,,,,,,,,,,,,,,,,,,,,,,,,,,,,,,,,,,,,,,,,,,,,,,,,,,,,,,,,,
vaginal cancer,"Unusual bleeding from your vagina

","Watery or bad-smelling discharge from your vagina

","A lump in your vagina

",constipation ,,,,,Pelvic examination,Colposcopy,Ultrasound,Endoscopy,,,,,,,,anticancer drugs,Gardasil,ml,human papilloma virus L1 protein,0.5ml,,,,,intramuscular injection,,,,,,,,,,"For the quadrivalent vaccine, the second dose is given 2 months after the first dose, and the last (third) is given 6 months after the first dose. For the bivalent vaccine, the second dose is administered 1 month after the first, and the third dose at 6 months after the initial dose.",0.5 ml,,yes,,yes,,,,,,,,,,,,,,,,,,,,,Dr. Kapil Kumar,,https://www.drugs.com/search.php?searchterm=Gardasil&a=1,,
whooping cough ,chronic cough ,congestion,fatigue or fever,vomiting ,sneezing,running nose,,,,,,,,,,,,,,,,,,,,,,,,,,,,,,,,,,,,,,,,,,,,,,,,,,,,,,,,,,,,,,,
warts,itching,lesions,fleshy growths on skin,rough to the touch,,,,,,,,,,,,,,,,,,,,,,,,,,,,,,,,,,,,,,,,,,,,,,,,,,,,,,,,,,,,,,,,,
tetanus,fever,muscle spasms,episodes of no breathing or shortness of breath,stiff muscles,problems in swallowing,,high blood pressure,,,,,,,,,,,,,,,,,,,,,,,,,,,,,,,,,,,,,,,,,,,,,,,,,,,,,,,,,,,,,,
Trigeminal neuralgia ,"Episodes of severe shooting or jabbing pain that may feel like an electric shock, spontaneous attacks of pain or attacks triggered by things such as touching the face, chewing, speaking or brushing teeth, oversensitivity or uncomfortable tingling sensation, constant aching and burning that may occur before it evolves into spasm like pain ",,,"Pain in areas including the cheek, jaw, teeth, gums, lips or less often the eye and forehead, pain affecting one side of the face at a time or both the sides rarely, pain focused in one spot or spread in wider pattern, attacks that become more frequent and intense over time ",,,,,"Description of pain, Physical & Neurological Examination ",Magnetic Resonance Imaging,,,,,,,,,,"Anticonvulsants, Antispasmodic agents, Tricyclic antidepressants, Analgesics ",Tegrital 200 Tablet, mg ,carbamazepine,200,,,,,Tablet,,,,,1,,200 mg B.I.D,yes,,,10,,Yes,,yes ,,,,,,,,It may cause dizziness and sleepiness. Do not drive or do anything that requires mental focus until you know how it affects,Talk to your doctor if you notice sudden mood changes or develop suicidal thoughts.,Inform your doctor if you notice a rash or other skin changes such as reddish spot or circular patches while taking this medicine.,,,,,,,,,,,,,https://www.1mg.com/drugs/tegrital-200-tablet-48865,,
Tropical disease parasitic malaria ,fever, vomiting,"high temperature above 38C,  ",muscle pain,fatigue,diarrhoea,shivering or sweating,,Physical examination & Travel history,"Blood smear test, Malaria Rapid Diagnostic tests, PCR",Indirect Immunofluroscence or ELISA,Drug Resistance tests ,,,,,,,,Antimalarials ,Aralen ,mg ,chloroquine phosphate,500,,,,,Tablet,,,,,1,,Adult Dose: 500 mg,yes,,on exactly the same day of each week.,10,,NO,,yes ,,,,,,,,"If you are also taking a certain drug for diarrhea (kaolin) or taking antacids (such as magnesium/aluminum hydroxide), take chloroquine at least 4 hours before or after these products.",,,,,,,,,,,,,,,"Aralen (Chloroquine): Uses, Dosage, Side Effects, Interactions, Warning (rxlist.com)",,
Tube cancer ,"bleeding through vagina when not in period or after menopause, white, clear or pink discharge from the vagina","pain or pressure in lower abdomen, lump or swelling in lower belly",chronic back pain,"pelvic pain or mass, ",indigestion,feeling full quickly,constipation,,Pelvic Examination ,"PAP test, Transvaginal Ultrasound, CT-Scan, MRI, PET Scan, Biopsy ",CA125 Test,,,,,,,,,Antineoplastic agents ,,,,,,,,,,,,,,,,,,,,,,,,,,,,,,,,,,,,,,,,,,,,,,,,,
Tumor Celar ,,,,,,,,,,,,,,,,,,,,,,,,,,,,,,,,,,,,,,,,,,,,,,,,,,,,,,,,,,,,,,,,,,,,,
Typhoid ,pain in abdomen or muscles  , fever starts low and increases daily reaching as high as 104.9 F,headache,constipation,weakness,nausea or vomiting,diarrhea,,"Widal test, Blood, Stool or Urine culture",Medical and Travel history,,,,,,,,,,Antibiotics ,,,,,,,,,,,,,,,,,,,,,,,,,,,,,,,,,,,,,,,,,,,,,,,,,
Ulcer ,Pain in chest or upper abdomen,  passing excessive amount of gas,loss of appetite,diarrhea often with blood or pus,trouble breathing,vomiting/vomiting blood which appears red or black,abdominal discomfort,,"Blood, Stool or Breath test","Endoscopy, X-ray abdomen",,,,,,,,,,"Antibiotics, Proton pump inhibitors, Antihistamines, Antacids, Cytoprotective agents ",,,,,,,,,,,,,,,,,,,,,,,,,,,,,,,,,,,,,,,,,,,,,,,,,
Ulcerative colitis ,"Pain in abdomen, joints, rectum", rectal bleeding associated with Blood in stool,fever ,diarrhea often with blood or pus,Anaemia,abdominal cramping,leaking of stools or urgent need to defecate,,"Blood tests, Stool studies ","Colonoscopy, Flexible sigmoidoscopy","X-ray abdomen, CT-abdomen scan, CT enterography, MR enterography ",,,,,,,,,"Anti-inflammatory drugs, Immunosuppresants, Biologics, Antispasmodics, Iron supplements ",,,,,,,,,,,,,,,,,,,,,,,,,,,,,,,,,,,,,,,,,,,,,,,,,
Umbilical hernia ,soft swelling or bulging near the navel," bulge is very tender, swollen or discolored ",painful or discomfort if the hernia is large,sudden vomiting,,,,,"Physical examination, Medical history ","X-ray, Ultrasound, Blood tests ",,,,,,,,,,Herniorrhaphy,,,,,,,,,,,,,,,,,,,,,,,,,,,,,,,,,,,,,,,,,,,,,,,,,
Type 2 Dibeates,"Increases thirst, frequent urination",Increased hunger,"Urinated weight loss, Frequent infections",Fatigue,blurred vision,slow healing sores,,,Glycated haemaglobin (A1C) test,Blood sugar test,Oral glucose tolerance test,Fasting blood sugar test,,,,,,,,"Anti-diabetic drug, statin, insulin",,,,,,,,,,,,,,,,,,,,,,,,,,,,,,,,,,,,,,,,,,,,,,,,,
Grave's disease,Anxiety and irritability,A fine tremors of the hands,Enlargement of thyroid gland,"Weight loss, despite normal eating habits",,,,,Blood test ,Radioactive iodine uptake,Ultrasound test,Imaging test,,,,,,,,"Antithyroid agent, Beta blocker",,,,,,,,,,,,,,,,,,,,,,,,,,,,,,,,,,,,,,,,,,,,,,,,,
Hyperthyroidism,"Excess sweating, excessive hunger, fatigue","Hyperactivity, irritability or restlessness","Abnormal heart rhythm, Fast heart rate ",Difficulty falling asleep or insomnia,,,,,Blood test,Thyroid scan test,Radioiodine uptake test,Thyroid ultrasound,,,,,,,,"Anti-thyroid agent, beta blocker",,,,,,,,,,,,,,,,,,,,,,,,,,,,,,,,,,,,,,,,,,,,,,,,,
Type 1 diabetes,"Increase thirst, frequent urination",Fatigue and weekness,Irritability and other mood changes,"Upset stomach, urinated weight loss",,,,,Fasting blood glucose test,Glycated haemoglobin (A1C) test,Random blood sugar test,Glucose tolerance test,,,,,,,,"Insulin, hormones ",,,,,,,,,,,,,,,,,,,,,,,,,,,,,,,,,,,,,,,,,,,,,,,,,
Psoriasis,"Rashes or patches of red, inflamed skin ",Swollen and stiff joints and pain in joints ,"Itchy, painful skin that can crack or bleed",Scaly plaque on the scalp ,,,,,Skin biopsy,Seborrheic dermatitis test,Radiology,Skin scraping and nail clipping,,,,,,,,"Steroid, vitamin A derivative, Anti inflammatory, immunosuppresive drugs",Humira,mg,Adalimumab,,,,,,,,,,,,,,,Day 1 (2pens) day 8(1pen),,,,,,,,,,,,,,,,,,,,,,,,,,,Dr. Radhika Dua,,https://www.1mg.com/generics/adalimumab-213407,,
Alopecia areata,Sudden loosing of hair ,Circular or patchy bold spots,Full body hair loss,Patches of scaling over the scalp,,,,,Flormone test,Scalp biopsy,"Blood test, completely blood count test",Thyroid level test,,,,,,,,"Steroid, Vasodilator, Anti-inflammatory and immunosuppressive drug",Rogaine 5%,%,Minoxidil,5%,,,,,,1,,,1,,,2,Yes,,,,,,,,,,,,,,,"avoid grains, legumes, nightshades (such as potatoes and peppers), dairy, eggs, coffee, alcohol, sugar, oil and food additives.",,,,,,,,,,,,,Dr.Shreya Gupta,,https://www.1mg.com/drugs/regaine-5-solution-126464,,
Fungal infection,Redness or blister on affected area,"Itching, stinging or burning sensation in the infected area ",Skin may scale and peel away,Peeling and cracking skin,,,,,"Skin test, blood test",Fungual culture test,Serological test,PCR or direct examinations,,,,,,,,Anti fungal agents,Canestan,%,Clotrimazole,1,,,,,,,,,,,,,,,,,,,,,,,,,,,,,,,,,,,,,,,,,Dr.Shreya Gupta,,https://www.1mg.com/drugs/canesten-cream-559830,,
Skin aging,"Rough, dry and itchy skin ","Discoloration, look hard skin ",Blotchiness and age spots,"Large pores, dark under eye circles",,,,,Patch testing,Skin biopsy,Culture test,Dermoscopy,,,,,,,,"Retinoids, Vitamin C, Anti oxidations , alpha hydroxy acids, senolytics",Tretin 0.025% Cream,%,Tretinoin,0.025,,,,,,,,,,,,,Yes,,,,,,,,,,,,,,,protect skin from sun,dont smoke,"eat healthy, well-balanced diet",,,,,,,,,,,Dr.Shreya Gupta,,https://www.1mg.com/drugs/tretin-0.025-cream-147582,,
Scrotal Abcess,Sudden pain,"Pain that radiates throughout the groin, abdomen or lower back",Redness of the skin of the scrotum,,,,,,Physical Exam,Ultrasound,Urine Test,Blood Test,,,,,,,,antibiotics,,mg,Doxycycline,500,Ciprofloxacin,500,Trimetho-sulfamet,625,Tablet,0,0,0,1,0,1,1,yes,,4-6 weeks,,,no,,no,,,,,,,,lift scrotum for atleast 2 days,wear athletic cup,apply cold pads,avoid lifting heavy objects,,,,,,,,,,Dr.Rama Devi,,https://documentcloud.adobe.com/link/track?uri=urn:aaid:scds:US:8ec610b4-18fd-421b-ae23-e70ebe6917b4,,
Sebhoerrheic dermatitis ,rashes,dryness,"flakiness, peeling, or redness",dandruff,,,,,physical exam,biopsy,,,,,,,,,,antifungal,loprox,1%,ciprofloxacin,1%,ketoconazole,2%,betamethasone,0.12%,shampoo,0,0,0,1,0,0,1,yes,,7-10 days,,,no,,no,,,,,,,,get plenty of sunlight,take fish oil,take probiotics,use aloe vera that produce anti inflammatory action,,,,,,,,,,Dr.Rama Devi,,https://documentcloud.adobe.com/link/track?uri=urn:aaid:scds:US:584263e1-0979-477f-9064-4cd0665601ee,,
Seasonal affective disorder,Having low energy,"Feeling depressed most of the day, nearly every day",Feeling sluggish or agitated,"Feeling hopeless, worthless or guilty",,,,,Physical exam,Lab tests,Psychological evaluation,DSM-5,,,,,,,,anti-anxiety,alpenzin,mg,bupropion,100,paroxetin,10,serttraline,50,tablet,0,0,0,1,0,1,1,yes,,3 weeks,,,no,,no,,,,,,,,learn how to manage stress,pychotherapy,meditattion,music or art therapy can relleive stress,,,,,,,,,,Dr.Rama Devi,,https://documentcloud.adobe.com/link/track?uri=urn:aaid:scds:US:5cc50fb6-c769-4a6e-8f7f-755d09c37fbc,,
Sex problems ,Inability to become aroused,Lack of interest in or desire for sex,Pain with intercourse,,,,,,Physical exam,Blood tests,Psychological evaluation,,,,,,,,,sildenafil,viagra,mg,sildinafil,50,,,,,tablet,0,0,0,1,0,0,1,yes,,3 days,,,no,,no,,,,,,,,adress the organic issues,choose more appropriate time for sexual activity,communicate about sexual changes,,,improve physical function and endurance during sexual activity,,,,,,,,Dr. Rama Devi,,https://documentcloud.adobe.com/link/track?uri=urn:aaid:scds:US:5cc50fb6-c769-4a6e-8f7f-755d09c37fbc,,
Sexual dysfunction ,Inability to become aroused,Lack of interest in or desire for sex,Pain with intercourse,,,,,,Physical exam,Blood tests,Psychological evaluation,,,,,,,,,sildenafil,viagra,mg,sildinafil,50,,,,,tablet,0,0,0,1,0,0,1,yes,,3 days,,,no,,no,,,,,,,,adress the organic issues,choose more appropriate time for sexual activity,,communicate about sexual changes,,improve physical function and endurance during sexual activity,,,,,,,,Dr.Rama Devi,,https://documentcloud.adobe.com/link/track?uri=urn:aaid:scds:US:be4cbd12-2ce7-40e8-820a-57c8f8cb75ea,,
Seizures ,uncontrolled contraction of muscle,constant staring,unconscious,,,,,,serum prolactin level,EEG ,MRI,CT scan brain,,,,,,,,antiepileptic,valium,mg,diazepam,5,lorazepam,7,clonazepam,0.5,tablet,0,0,0,1,0,0,1,yes,,30 days,,,no,,no,,,,,,,,avoid alcohol,take ketogenic diet,driving is restricted,,nerve stimulation,,,,,,,,,Dr. Rama Devi,,https://documentcloud.adobe.com/link/track?uri=urn:aaid:scds:US:8dbe894e-6c6a-46ef-a1f2-28f3223ce7a3,,
Sexually Transmitted diseases ,normally no symptoms,,,,,,,,blood antigen test,,,,,,,,,,,depends on conditions,alceftra,mg,ceftriaxone,250,azithromycin,500,acyclovir,400,tablet,0,0,0,1,0,0,1,yes,,7-10 days,,,no,,no,,,,,,,,avoid sexual contact,use condoms,regualar STD screening,,discuss about sexual history before contraception,,,,,,,,,Dr.Rama Devi,,https://clinicaltrials.gov/search/open/condition=%22Sexually+Transmitted+Diseases%22,,
Thyroid disease,fatigue,weight loss,heartburn,sweating and irritability,,,,,TSH TEST,T3 test,T4 test,thyroid antibody test,,,,,,,,hormones( levothyroxine),Levothroid,mcg,Levothyroxine sodium,25,,,,,tablet,1,0,0,0,0,0,1,yes,,2-3 weeks,,,yes,,yes,,,,,,,,"It is important to consume iodine when trying to lose weight, but restrict processed salt intake and opt for natural sources of iodine.",Check thyroid regularly.,"Eat selenium, tyrosine, and antioxidants rich food.",Stay away from sugar and caffeine,,,,,,,,,,,,https://drive.google.com/file/d/109MLOQ7XWglenzNhjY9jVrsCfgjGVagu/view?usp=sharing,,
Hypothyroidism and Hyperthyroidism,weight loss and weight gain,sweat ,heartburn,fatigue,,,,,Blood tests that measure thyroxine and thyroid-stimulating hormone (TSH),thyroid function test,,,,,,,,,,synthetic thyroid hormone levothyroxine,Levothroid,mcg,Levothyroxine sodium,25,,,,,tablet,1,0,0,0,0,0,1,yes,,2-3 weeks,,,yes,,yes,,,,,,,,No self-medication.,Say no to macronutrients.,Check thyroid regularly.,"It is important to consume iodine when trying to lose weight, but restrict processed salt intake and opt for natural sources of iodine.",,,,,,,,,,,,https://drive.google.com/file/d/109MLOQ7XWglenzNhjY9jVrsCfgjGVagu/view?usp=sharing,,
Thyroid cancer,pain in neck,enlarged lymph nodes,thyroid nodules,swelling,,,,,biopsy test,,,,,,,,,,, tyrosine kinase inhibitors.,Gleevec,mg,Imatinib mesylate,400,,,,,tablet,0,0,0,0,1,0,1,yes,,6-9months,100-400mg/day,,yes,,yes,,,,,,,,"Avoid direct contact of crushed tablets with the skin or mucous membranes. If such contact occurs, wash thoroughly",,,,,,,,,,,,,,,https://drive.google.com/file/d/1-EmVlhqSohqeqyX9XRkgu1idiABWaCUA/view?usp=sharing,,
Goiter,lump or swelling in neck,fast heart rate,weight gain,shortness of breath,,,,,radioactive iodine scan,,,,,,,,,,, corticosteroid,Tapazole,mg,Methimazole,15,,,,,tablet,0,0,0,1,0,0,1,yes,,6-8 weeks,,,yes,,yes,,,,,,,,Get enough Iodine through healthy diet.,,,,,,,,,,,,,,,https://drive.google.com/file/d/1-LTGF_rBGc6ux2QRHA4nKtczhI52MyHX/view?usp=sharing,,
Thyroidectomy,sore throat,pain in neck,Hypothyroidism,Hematoma,,,,,Cervical ultrasonography (US) ,,,,,,,,,,, hormones ( levothyroxine),thyronorm,mcg,levothyroxine,1.6,,,,,tablet,1,0,0,0,0,0,1,yes,,6-8weeks ,1.6mcg/kg/day,,yes,,yes,,,,,,,,"Take levothyroxine once a day in the morning, ideally at least 30 minutes before having breakfast or a drink containing caffeine, like tea or coffee. Food and caffeinated drinks can both stop your body taking in levothyroxine properly so it does not work as well.",,,,,,,,,,,,,,,https://www.thyroid.org/patient-thyroid-information/ct-for-patients/january-2020/vol-13-issue-1-p-3-4/,,
Tinea Versicolor ,patches in skin,color loss of skin,rashes,darkening of skin,,,,,simple skin tests.,,,,,,,,,,, imidazoles,oxistat,mg,oxiconazole nitrate,10,,,,,cream,0,0,0,1,1,1,3,yes,,1month,,,yes,,yes,,,,,Cream or Lotion should be applied to affected and immediately surrounding areas,,,,,,,,,,,,,,,,,,https://www.webmd.com/drugs/2/drug-11196/oxistat-topical/details,,
tinnitus,noise in the ears,buzzing ,roaring ,wistling,,,,,pitch match testing,loudness match testing,,,,,,,,,,antidepressants,elavil,mg,amitryptalin,75,,,,,tablet,0,0,0,0,0,1,1,yes,,1month,,,yes,,yes,,,,,,,,"Patients of all ages who are started on antidepressant therapy should be monitored appropriately and observed closely for clinical worsening, suicidality, or unusual changes in behavior. ",,,,,,,,,,,,,,,https://www.medicines.org.uk/emc/product/5698/smpc,,
fungal infections ,Tender or painful areas,bald spots,Patches of scaling,reddened areas,,,,,visual examination,Blood test,Light microscopy,biopsy,,,,,,,,griseofulvin,,,,,,,,,,,,,,,,,,,,,,,,,,,,,,,,,,,,,,,,,,,,,,,,,
skin ageing ,Wrinkles,skin loosening,lines and creases,,,,,,physical examination,,,,,,,,,,,Topical retinoids,,,,,,,,,,,,,,,,,,,,,,,,,,,,,,,,,,,,,,,,,,,,,,,,,
Adenomyosis,Heavy or prolonged menstrual bleeding,dysmenorrhea,Chronic pelvic pain,Painful intercourse,,,,,pelvic exam,Ultrasound imaging of the uterus,Magnetic resonance imaging (MRI) of the uterus,,,,,,,,,ibuprofen,,,,,,,,,,,,,,,,,,,,,,,,,,,,,,,,,,,,,,,,,,,,,,,,,
Achalasia,"backflow of food in the throat (regurgitation), chest pain and weight loss.",heartburn ,difficulty swallowing,,,,,,Esophageal manometry,X-rays of your upper digestive system (esophagram),Upper endoscopy,,,,,,,,,calcium channel blockers (CCBs) and nitrates.,,,,,,,,,,,,,,,,,,,,,,,,,,,,,,,,,,,,,,,,,,,,,,,,,
Anosmia,no longer smell identifiable odors.,,,,,,,,CT scan,MRI scan,,,,,,,,,,"fluoroquinolone antibiotic, antihistamines",Orpic TZ,mg,ciprofloxacin hydrochloride,500mg,tinidazole,600mg,,,tablets,,,,,,,,,,,,,,,,,,,,,,,,,,,,,,,,,,,,,,,,
Hay fever,"sneezing, runny nose and red, watery and itchy eyes.","congestion, loss of smell, redness","coughing, fatigue, headache, itching, phlegm, or throat irritation",,,,,,Skin prick test,Allergy blood test,,,,,,,,,,antihistamines,,,,,,,,,,,,,,,,,,,,,,,,,,,,,,,,,,,,,,,,,,,,,,,https://www.mayoclinic.org/diseases-conditions/hay-fever/diagnosis-treatment/drc-20373045,,
Meniere's disease,"spinning sensation (vertigo), hearing loss, ear ringing (tinnitus) and ear pressure",Hearing loss may become permanent.,feeling of fullness in the ear or ringing,,,,,,,,,,,,,,,,,anti vertigo agent,zevert 8mg,mg,betahistidine hydrochloric,8mg,,,,,tablets,,,,,,,,,,,,,,,,,,,,,,,,,,,,,,,,,,,,,,,,
Acoustic neuroma,pins and needles or reduced sensation of touch,"balance disorder, dizziness, hearing loss, rapid involuntary eye movement, or ringing in the ears",,,,,,,Hearing test (audiometry),Stereotactic radiosurgery,,,,,,,,,,,,,,,,,,,,,,,,,,,,,,,,,,,,,,,,,,,,,,,,,,,,,,,Dr. Jonathan Ashman,,https://www.mayoclinic.org/diseases-conditions/acoustic-neuroma/diagnosis-treatment/drc-20356132,,
Otitis media,"pain in the ear, fever, loss of appetite, or vertigo",inflammation or ringing,"crying, headache, nasal congestion, or nausea",,,,,,,,,,,,,,,,,"penicillin-like , β-lactam antibiotic. ",moxina CV 375,mg,amoxicillin trihydrate,250 mg,potassium clavulanate diluted,124mg,,,tablets,,,,,,,,,,,,,,,,,,,,,,,,,,,,,,,,,,,,,,,,
Presbycusis,Other people's speech sounds mumbled or slurred.,Some sounds seem very loud and annoying.,"Having trouble understanding conversations, often when there is background noise.

",Having trouble hearing high-pitched sounds.,,,,,otoscope is used to check,,,,,,,,,,,,,,,,,,,,,,,,,,,,,,,,,,,,,,,,,,,,,,,,,,,,,,,,,,,,
Sinus Cancer,"Blocked sinuses that do not clear, or sinus pressure.",Headaches or pain in the sinus areas.,"A runny nose, Nosebleeds.",A lump or sore inside the nose that does not heal,lump on the face or roof of the mouth.,,,,biopsy,,,,,,,,,,,anti cancer ,Efudex,mg/mt^2,5 flurouracil ,750mg/mt^2,,,,,Intravenous ,,,,Yes,,,180 mins for 4 days ,,Day 1-4 of each cycle ,Cycle is repeated every 21 days ,750-1000mg/mt^2,,Yes,,Yes,,,,,,,,Inform your doctor about other medications and disease history. ,To be taken under medical supervision.,,,,,,,,,,,,,,https://clinicaltrials.gov/ct2/show/NCT00707473,,
Usher Syndrome," deafness or hearing loss, ",Loss of night vision and side (peripheral) vision,Balance problems,,,,,,Dilated eye exam,hearing test,balance test,genetic test,,,,,,,,Vitamin A supplements,Retinyl palmitate,IU,Palmitate form of vitamin A,"15,000 IU",,,,,Tablet ,,,,,Yes,,Once a day ,Yes,,1 month or as per disease progression ,"15,000 IU tablet ",,Yes,,Yes,,,,,Take as per the dose prescribed. Do not overdose ,,,Not to be taken in case of type 1 usher syndrome . ,,,,,,,,,,,,,,,https://drive.google.com/file/d/1PJicYk4GFvBxboUYDt8CpFjLyumzv9z4/view?usp=drivesdk,,
Nasal Cancer,"Difficulty breathing through your nose, Loss of the sense of smell.","Facial swelling or pain, A sore or lesion on the roof of your mouth.","Watery eyes, Discharge from your nose",,,,,,biopsy,PET scan,CT scan,,,,,,,,,anti cancer,taxotere,mg/ml,docetaxel,20mg/ml,,,,,intravenous,,,,,yes,,1 hour every 3 weeks ,,yes,every 3 weeks ,20 mg/ml,,yes,,yes,,,,,given by physician ,,,"Get emergency medical help if you have hives, a red skin rash, trouble breathing, if you feel like you might pass out, or if you have swelling of your face, lips, tongue, or throat.",,,,,,,,,,,,,Dr. Rajesh Mishty,,https://clinicaltrials.gov/ct2/show/NCT00707473,,
Throat cancer,"enlarged neck lymph nodes, hoarseness, or mouth ulcer",,,,,,,,Imaging tests,Removing a tissue sample for testing,Using a scope to get a closer look at your throat. ,,,,,,,,,monoclonal antibodies,opdivo,mg/ml,nivolumab ,10mg/ml,,,,,intravenous,,,,yes,,,4 doses,,yes,once every 3 weeks ,10mg/ml,,yes,,yes,,,,,alone or in combination with ipilimumab ,,,"The amount of nivolumab that you will receive depends on many factors, your general health or other health problems, and the type of cancer or condition being treated.",,,,,,,,,,,,,Dr. Ashok Mehta,https://medlineplus.gov/druginfo/meds/a614056.html,https://www.mayoclinic.org/diseases-conditions/throat-cancer/diagnosis-treatment/drc-20366496,,
Barotrauma,"Feeling of pressure in the ear, Feeling like you have a blocked ear","Ear pain, Dizziness, Bleeding from the ears or into the middle ear.",Hearing loss.,,,,,,physical exam,,,,,,,,,,,NSAID,tricort,mg,triamcinolone,4mg,,,,,tablets,,,,,yes,,one tablet per day,yes,,10,500mg,,no,,no,,,,,"Swallow it as a whole. Do not chew, crush or break it. Tricort Tablet is to be taken with food.",,,"This drug is not recommended during pregnancy and before taking this medicine, let your doctor know if you have any liver or kidney problems.",,,,,,,,,,,,,Dr. Ajay Bhalla,,https://www.webmd.com/a-to-z-guides/ear-barotrauma-facts,,
Scarlet fever,"bright-red rash that covers most of the body, a sore throat and a high fever.","red rashes, peeling, roughness, red spots, or red lines in skin folds","fever, flushing, or malaise",,,,,,rapid strep test ,,,,,,,,,,,Penicillin or amoxicillin ,penicillin VK,mg,penicillin V Potassium,500 mg,,,,,tablets,,,,yes,yes,,4 times a day,yes,,,,,no,,no,,,,,swallow it as a whole,,,"tell your doctor if you are pregnant, plan to become pregnant, or are breastfeeding. If you become pregnant while taking penicillin V potassium, call your doctor.",,,,,,,,,,,,,Dr. D. Raj Madhangi ,,https://medlineplus.gov/druginfo/meds/a685015.html,,